Nome;Símbolo;Z (número atômico);A (número de massa);Próton;Neutron;M (Motivação)
Hidrogênio;H;1;1;1;0;Uau, você achou um elemento!
Deutério;H;1;2;1;1;Uau, você achou um isótopo!
Trítio;H;1;3;1;2;Uau, você achou um isótopo!
Hidrogênio;H;1;4;1;3;Uau, você achou um isótopo!
Hidrogênio;H;1;5;1;4;Uau, você achou um isótopo!
Hidrogênio;H;1;6;1;5;Uau, você achou um isótopo!
Hidrogênio;H;1;7;1;6;Uau, você achou um isótopo!
Hidrogênio;H;1;8;1;7;Uau, você achou um isótopo!
Hidrogênio;H;1;9;1;8;Uau, você achou um isótopo!
Hidrogênio;H;1;10;1;9;Uau, você achou um isótopo!
Hidrogênio;H;1;11;1;10;Uau, você achou um isótopo!
Hidrogênio;H;1;12;1;11;Uau, você achou um isótopo!
Hidrogênio;H;1;13;1;12;Uau, você achou um isótopo!
Hidrogênio;H;1;14;1;13;Uau, você achou um isótopo!
Hidrogênio;H;1;15;1;14;Uau, você achou um isótopo!
Hidrogênio;H;1;16;1;15;Uau, você achou um isótopo!
Hidrogênio;H;1;17;1;16;Uau, você achou um isótopo!
Hidrogênio;H;1;18;1;17;Uau, você achou um isótopo!
Hidrogênio;H;1;19;1;18;Uau, você achou um isótopo!
Hidrogênio;H;1;20;1;19;Uau, você achou um isótopo!
Hidrogênio;H;1;21;1;20;Uau, você achou um isótopo!
Hidrogênio;H;1;22;1;21;Uau, você achou um isótopo!
Hidrogênio;H;1;23;1;22;Uau, você achou um isótopo!
Hidrogênio;H;1;24;1;23;Uau, você achou um isótopo!
Hidrogênio;H;1;25;1;24;Uau, você achou um isótopo!
Hidrogênio;H;1;26;1;25;Uau, você achou um isótopo!
Hidrogênio;H;1;27;1;26;Uau, você achou um isótopo!
Hidrogênio;H;1;28;1;27;Uau, você achou um isótopo!
Hidrogênio;H;1;29;1;28;Uau, você achou um isótopo!
Hidrogênio;H;1;30;1;29;Uau, você achou um isótopo!
Hidrogênio;H;1;31;1;30;Uau, você achou um isótopo!
Hidrogênio;H;1;32;1;31;Uau, você achou um isótopo!
Hidrogênio;H;1;33;1;32;Uau, você achou um isótopo!
Hidrogênio;H;1;34;1;33;Uau, você achou um isótopo!
Hidrogênio;H;1;35;1;34;Uau, você achou um isótopo!
Hidrogênio;H;1;36;1;35;Uau, você achou um isótopo!
Hidrogênio;H;1;37;1;36;Uau, você achou um isótopo!
Hidrogênio;H;1;38;1;37;Uau, você achou um isótopo!
Hidrogênio;H;1;39;1;38;Uau, você achou um isótopo!
Hidrogênio;H;1;40;1;39;Uau, você achou um isótopo!
Hidrogênio;H;1;41;1;40;Uau, você achou um isótopo!
Hidrogênio;H;1;42;1;41;Uau, você achou um isótopo!
Hidrogênio;H;1;43;1;42;Uau, você achou um isótopo!
Hidrogênio;H;1;44;1;43;Uau, você achou um isótopo!
Hidrogênio;H;1;45;1;44;Uau, você achou um isótopo!
Hidrogênio;H;1;46;1;45;Uau, você achou um isótopo!
Hidrogênio;H;1;47;1;46;Uau, você achou um isótopo!
Hidrogênio;H;1;48;1;47;Uau, você achou um isótopo!
Hidrogênio;H;1;49;1;48;Uau, você achou um isótopo!
Hélio;He;2;3;2;1;Uau, você achou um isótopo!
Hélio;He;2;4;2;2;Uau, você achou um elemento!
Hélio;He;2;5;2;3;Uau, você achou um isótopo!
Hélio;He;2;6;2;4;Uau, você achou um isótopo!
Hélio;He;2;7;2;5;Uau, você achou um isótopo!
Hélio;He;2;8;2;6;Uau, você achou um isótopo!
Hélio;He;2;10;2;8;Uau, você achou um isótopo!
Hélio;He;2;11;2;9;Uau, você achou um isótopo!
Hélio;He;2;12;2;10;Uau, você achou um isótopo!
Hélio;He;2;13;2;11;Uau, você achou um isótopo!
Hélio;He;2;14;2;12;Uau, você achou um isótopo!
Hélio;He;2;15;2;13;Uau, você achou um isótopo!
Hélio;He;2;16;2;14;Uau, você achou um isótopo!
Hélio;He;2;17;2;15;Uau, você achou um isótopo!
Hélio;He;2;18;2;16;Uau, você achou um isótopo!
Hélio;He;2;19;2;17;Uau, você achou um isótopo!
Hélio;He;2;20;2;18;Uau, você achou um isótopo!
Hélio;He;2;21;2;19;Uau, você achou um isótopo!
Hélio;He;2;22;2;20;Uau, você achou um isótopo!
Hélio;He;2;23;2;21;Uau, você achou um isótopo!
Hélio;He;2;24;2;22;Uau, você achou um isótopo!
Hélio;He;2;25;2;23;Uau, você achou um isótopo!
Hélio;He;2;26;2;24;Uau, você achou um isótopo!
Hélio;He;2;27;2;25;Uau, você achou um isótopo!
Hélio;He;2;28;2;26;Uau, você achou um isótopo!
Hélio;He;2;29;2;27;Uau, você achou um isótopo!
Hélio;He;2;30;2;28;Uau, você achou um isótopo!
Hélio;He;2;31;2;29;Uau, você achou um isótopo!
Hélio;He;2;32;2;30;Uau, você achou um isótopo!
Hélio;He;2;33;2;31;Uau, você achou um isótopo!
Hélio;He;2;34;2;32;Uau, você achou um isótopo!
Hélio;He;2;35;2;33;Uau, você achou um isótopo!
Hélio;He;2;36;2;34;Uau, você achou um isótopo!
Hélio;He;2;37;2;35;Uau, você achou um isótopo!
Hélio;He;2;38;2;36;Uau, você achou um isótopo!
Hélio;He;2;39;2;37;Uau, você achou um isótopo!
Hélio;He;2;40;2;38;Uau, você achou um isótopo!
Hélio;He;2;41;2;39;Uau, você achou um isótopo!
Hélio;He;2;42;2;40;Uau, você achou um isótopo!
Hélio;He;2;43;2;41;Uau, você achou um isótopo!
Hélio;He;2;44;2;42;Uau, você achou um isótopo!
Hélio;He;2;45;2;43;Uau, você achou um isótopo!
Hélio;He;2;46;2;44;Uau, você achou um isótopo!
Hélio;He;2;47;2;45;Uau, você achou um isótopo!
Hélio;He;2;48;2;46;Uau, você achou um isótopo!
Hélio;He;2;49;2;47;Uau, você achou um isótopo!
Hélio;He;2;50;2;48;Uau, você achou um isótopo!
Lítio;Li;3;4;3;1;Uau, você achou um isótopo!
Lítio;Li;3;5;3;2;Uau, você achou um isótopo!
Lítio;Li;3;6;3;3;Uau, você achou um isótopo!
Lítio;Li;3;7;3;4;Uau, você achou um elemento!
Lítio;Li;3;8;3;5;Uau, você achou um isótopo!
Lítio;Li;3;9;3;6;Uau, você achou um isótopo!
Lítio;Li;3;10;3;7;Uau, você achou um isótopo!
Lítio;Li;3;11;3;8;Uau, você achou um isótopo!
Lítio;Li;3;12;3;9;Uau, você achou um isótopo!
Lítio;Li;3;13;3;10;Uau, você achou um isótopo!
Lítio;Li;3;14;3;11;Uau, você achou um isótopo!
Lítio;Li;3;15;3;12;Uau, você achou um isótopo!
Lítio;Li;3;16;3;13;Uau, você achou um isótopo!
Lítio;Li;3;17;3;14;Uau, você achou um isótopo!
Lítio;Li;3;18;3;15;Uau, você achou um isótopo!
Lítio;Li;3;19;3;16;Uau, você achou um isótopo!
Lítio;Li;3;20;3;17;Uau, você achou um isótopo!
Lítio;Li;3;21;3;18;Uau, você achou um isótopo!
Lítio;Li;3;22;3;19;Uau, você achou um isótopo!
Lítio;Li;3;23;3;20;Uau, você achou um isótopo!
Lítio;Li;3;24;3;21;Uau, você achou um isótopo!
Lítio;Li;3;25;3;22;Uau, você achou um isótopo!
Lítio;Li;3;26;3;23;Uau, você achou um isótopo!
Lítio;Li;3;27;3;24;Uau, você achou um isótopo!
Lítio;Li;3;28;3;25;Uau, você achou um isótopo!
Lítio;Li;3;29;3;26;Uau, você achou um isótopo!
Lítio;Li;3;30;3;27;Uau, você achou um isótopo!
Lítio;Li;3;31;3;28;Uau, você achou um isótopo!
Lítio;Li;3;32;3;29;Uau, você achou um isótopo!
Lítio;Li;3;33;3;30;Uau, você achou um isótopo!
Lítio;Li;3;34;3;31;Uau, você achou um isótopo!
Lítio;Li;3;35;3;32;Uau, você achou um isótopo!
Lítio;Li;3;36;3;33;Uau, você achou um isótopo!
Lítio;Li;3;37;3;34;Uau, você achou um isótopo!
Lítio;Li;3;38;3;35;Uau, você achou um isótopo!
Lítio;Li;3;39;3;36;Uau, você achou um isótopo!
Lítio;Li;3;40;3;37;Uau, você achou um isótopo!
Lítio;Li;3;41;3;38;Uau, você achou um isótopo!
Lítio;Li;3;42;3;39;Uau, você achou um isótopo!
Lítio;Li;3;43;3;40;Uau, você achou um isótopo!
Lítio;Li;3;44;3;41;Uau, você achou um isótopo!
Lítio;Li;3;45;3;42;Uau, você achou um isótopo!
Lítio;Li;3;46;3;43;Uau, você achou um isótopo!
Lítio;Li;3;47;3;44;Uau, você achou um isótopo!
Lítio;Li;3;48;3;45;Uau, você achou um isótopo!
Lítio;Li;3;49;3;46;Uau, você achou um isótopo!
Lítio;Li;3;50;3;47;Uau, você achou um isótopo!
Lítio;Li;3;51;3;48;Uau, você achou um isótopo!
Berílio;Be;4;5;4;1;Uau, você achou um isótopo!
Berílio;Be;4;6;4;2;Uau, você achou um isótopo!
Berílio;Be;4;7;4;3;Uau, você achou um isótopo!
Berílio;Be;4;8;4;4;Uau, você achou um isótopo!
Berílio;Be;4;9;4;5;Uau, você achou um elemento!
Berílio;Be;4;10;4;6;Uau, você achou um isótopo!
Berílio;Be;4;11;4;7;Uau, você achou um isótopo!
Berílio;Be;4;12;4;8;Uau, você achou um isótopo!
Berílio;Be;4;13;4;9;Uau, você achou um isótopo!
Berílio;Be;4;14;4;10;Uau, você achou um isótopo!
Berílio;Be;4;15;4;11;Uau, você achou um isótopo!
Berílio;Be;4;16;4;12;Uau, você achou um isótopo!
Berílio;Be;4;17;4;13;Uau, você achou um isótopo!
Berílio;Be;4;18;4;14;Uau, você achou um isótopo!
Berílio;Be;4;19;4;15;Uau, você achou um isótopo!
Berílio;Be;4;20;4;16;Uau, você achou um isótopo!
Berílio;Be;4;21;4;17;Uau, você achou um isótopo!
Berílio;Be;4;22;4;18;Uau, você achou um isótopo!
Berílio;Be;4;23;4;19;Uau, você achou um isótopo!
Berílio;Be;4;24;4;20;Uau, você achou um isótopo!
Berílio;Be;4;25;4;21;Uau, você achou um isótopo!
Berílio;Be;4;26;4;22;Uau, você achou um isótopo!
Berílio;Be;4;27;4;23;Uau, você achou um isótopo!
Berílio;Be;4;28;4;24;Uau, você achou um isótopo!
Berílio;Be;4;29;4;25;Uau, você achou um isótopo!
Berílio;Be;4;30;4;26;Uau, você achou um isótopo!
Berílio;Be;4;31;4;27;Uau, você achou um isótopo!
Berílio;Be;4;32;4;28;Uau, você achou um isótopo!
Berílio;Be;4;33;4;29;Uau, você achou um isótopo!
Berílio;Be;4;34;4;30;Uau, você achou um isótopo!
Berílio;Be;4;35;4;31;Uau, você achou um isótopo!
Berílio;Be;4;36;4;32;Uau, você achou um isótopo!
Berílio;Be;4;37;4;33;Uau, você achou um isótopo!
Berílio;Be;4;38;4;34;Uau, você achou um isótopo!
Berílio;Be;4;39;4;35;Uau, você achou um isótopo!
Berílio;Be;4;40;4;36;Uau, você achou um isótopo!
Berílio;Be;4;41;4;37;Uau, você achou um isótopo!
Berílio;Be;4;42;4;38;Uau, você achou um isótopo!
Berílio;Be;4;43;4;39;Uau, você achou um isótopo!
Berílio;Be;4;44;4;40;Uau, você achou um isótopo!
Berílio;Be;4;45;4;41;Uau, você achou um isótopo!
Berílio;Be;4;46;4;42;Uau, você achou um isótopo!
Berílio;Be;4;47;4;43;Uau, você achou um isótopo!
Berílio;Be;4;48;4;44;Uau, você achou um isótopo!
Berílio;Be;4;49;4;45;Uau, você achou um isótopo!
Berílio;Be;4;50;4;46;Uau, você achou um isótopo!
Berílio;Be;4;51;4;47;Uau, você achou um isótopo!
Berílio;Be;4;52;4;48;Uau, você achou um isótopo!
Boro;B;5;6;5;1;Uau, você achou um isótopo!
Boro;B;5;7;5;2;Uau, você achou um isótopo!
Boro;B;5;8;5;3;Uau, você achou um isótopo!
Boro;B;5;9;5;4;Uau, você achou um isótopo!
Boro;B;5;10;5;5;Uau, você achou um isótopo!
Boro;B;5;11;5;6;Uau, você achou um elemento!
Boro;B;5;12;5;7;Uau, você achou um isótopo!
Boro;B;5;13;5;8;Uau, você achou um isótopo!
Boro;B;5;14;5;9;Uau, você achou um isótopo!
Boro;B;5;15;5;10;Uau, você achou um isótopo!
Boro;B;5;16;5;11;Uau, você achou um isótopo!
Boro;B;5;17;5;12;Uau, você achou um isótopo!
Boro;B;5;18;5;13;Uau, você achou um isótopo!
Boro;B;5;19;5;14;Uau, você achou um isótopo!
Boro;B;5;20;5;15;Uau, você achou um isótopo!
Boro;B;5;21;5;16;Uau, você achou um isótopo!
Boro;B;5;22;5;17;Uau, você achou um isótopo!
Boro;B;5;23;5;18;Uau, você achou um isótopo!
Boro;B;5;24;5;19;Uau, você achou um isótopo!
Boro;B;5;25;5;20;Uau, você achou um isótopo!
Boro;B;5;26;5;21;Uau, você achou um isótopo!
Boro;B;5;27;5;22;Uau, você achou um isótopo!
Boro;B;5;28;5;23;Uau, você achou um isótopo!
Boro;B;5;29;5;24;Uau, você achou um isótopo!
Boro;B;5;30;5;25;Uau, você achou um isótopo!
Boro;B;5;31;5;26;Uau, você achou um isótopo!
Boro;B;5;32;5;27;Uau, você achou um isótopo!
Boro;B;5;33;5;28;Uau, você achou um isótopo!
Boro;B;5;34;5;29;Uau, você achou um isótopo!
Boro;B;5;35;5;30;Uau, você achou um isótopo!
Boro;B;5;36;5;31;Uau, você achou um isótopo!
Boro;B;5;37;5;32;Uau, você achou um isótopo!
Boro;B;5;38;5;33;Uau, você achou um isótopo!
Boro;B;5;39;5;34;Uau, você achou um isótopo!
Boro;B;5;40;5;35;Uau, você achou um isótopo!
Boro;B;5;41;5;36;Uau, você achou um isótopo!
Boro;B;5;42;5;37;Uau, você achou um isótopo!
Boro;B;5;43;5;38;Uau, você achou um isótopo!
Boro;B;5;44;5;39;Uau, você achou um isótopo!
Boro;B;5;45;5;40;Uau, você achou um isótopo!
Boro;B;5;46;5;41;Uau, você achou um isótopo!
Boro;B;5;47;5;42;Uau, você achou um isótopo!
Boro;B;5;48;5;43;Uau, você achou um isótopo!
Boro;B;5;49;5;44;Uau, você achou um isótopo!
Boro;B;5;50;5;45;Uau, você achou um isótopo!
Boro;B;5;51;5;46;Uau, você achou um isótopo!
Boro;B;5;52;5;47;Uau, você achou um isótopo!
Boro;B;5;53;5;48;Uau, você achou um isótopo!
Carbono;C;6;7;6;1;Uau, você achou um isótopo!
Carbono;C;6;8;6;2;Uau, você achou um isótopo!
Carbono;C;6;9;6;3;Uau, você achou um isótopo!
Carbono;C;6;10;6;4;Uau, você achou um isótopo!
Carbono;C;6;11;6;5;Uau, você achou um isótopo!
Carbono;C;6;12;6;6;Uau, você achou um elemento!
Carbono;C;6;13;6;7;Uau, você achou um isótopo!
Carbono;C;6;14;6;8;Uau, você achou um isótopo!
Carbono;C;6;15;6;9;Uau, você achou um isótopo!
Carbono;C;6;16;6;10;Uau, você achou um isótopo!
Carbono;C;6;17;6;11;Uau, você achou um isótopo!
Carbono;C;6;18;6;12;Uau, você achou um isótopo!
Carbono;C;6;19;6;13;Uau, você achou um isótopo!
Carbono;C;6;20;6;14;Uau, você achou um isótopo!
Carbono;C;6;21;6;15;Uau, você achou um isótopo!
Carbono;C;6;22;6;16;Uau, você achou um isótopo!
Carbono;C;6;23;6;17;Uau, você achou um isótopo!
Carbono;C;6;24;6;18;Uau, você achou um isótopo!
Carbono;C;6;25;6;19;Uau, você achou um isótopo!
Carbono;C;6;26;6;20;Uau, você achou um isótopo!
Carbono;C;6;27;6;21;Uau, você achou um isótopo!
Carbono;C;6;28;6;22;Uau, você achou um isótopo!
Carbono;C;6;29;6;23;Uau, você achou um isótopo!
Carbono;C;6;30;6;24;Uau, você achou um isótopo!
Carbono;C;6;31;6;25;Uau, você achou um isótopo!
Carbono;C;6;32;6;26;Uau, você achou um isótopo!
Carbono;C;6;33;6;27;Uau, você achou um isótopo!
Carbono;C;6;34;6;28;Uau, você achou um isótopo!
Carbono;C;6;35;6;29;Uau, você achou um isótopo!
Carbono;C;6;36;6;30;Uau, você achou um isótopo!
Carbono;C;6;37;6;31;Uau, você achou um isótopo!
Carbono;C;6;38;6;32;Uau, você achou um isótopo!
Carbono;C;6;39;6;33;Uau, você achou um isótopo!
Carbono;C;6;40;6;34;Uau, você achou um isótopo!
Carbono;C;6;41;6;35;Uau, você achou um isótopo!
Carbono;C;6;42;6;36;Uau, você achou um isótopo!
Carbono;C;6;43;6;37;Uau, você achou um isótopo!
Carbono;C;6;44;6;38;Uau, você achou um isótopo!
Carbono;C;6;45;6;39;Uau, você achou um isótopo!
Carbono;C;6;46;6;40;Uau, você achou um isótopo!
Carbono;C;6;47;6;41;Uau, você achou um isótopo!
Carbono;C;6;48;6;42;Uau, você achou um isótopo!
Carbono;C;6;49;6;43;Uau, você achou um isótopo!
Carbono;C;6;50;6;44;Uau, você achou um isótopo!
Carbono;C;6;51;6;45;Uau, você achou um isótopo!
Carbono;C;6;52;6;46;Uau, você achou um isótopo!
Carbono;C;6;53;6;47;Uau, você achou um isótopo!
Carbono;C;6;54;6;48;Uau, você achou um isótopo!
Nitrogênio;N;7;8;7;1;Uau, você achou um isótopo!
Nitrogênio;N;7;9;7;2;Uau, você achou um isótopo!
Nitrogênio;N;7;10;7;3;Uau, você achou um isótopo!
Nitrogênio;N;7;11;7;4;Uau, você achou um isótopo!
Nitrogênio;N;7;12;7;5;Uau, você achou um isótopo!
Nitrogênio;N;7;13;7;6;Uau, você achou um isótopo!
Nitrogênio;N;7;14;7;7;Uau, você achou um elemento!
Nitrogênio;N;7;15;7;8;Uau, você achou um isótopo!
Nitrogênio;N;7;16;7;9;Uau, você achou um isótopo!
Nitrogênio;N;7;17;7;10;Uau, você achou um isótopo!
Nitrogênio;N;7;18;7;11;Uau, você achou um isótopo!
Nitrogênio;N;7;19;7;12;Uau, você achou um isótopo!
Nitrogênio;N;7;20;7;13;Uau, você achou um isótopo!
Nitrogênio;N;7;21;7;14;Uau, você achou um isótopo!
Nitrogênio;N;7;22;7;15;Uau, você achou um isótopo!
Nitrogênio;N;7;23;7;16;Uau, você achou um isótopo!
Nitrogênio;N;7;24;7;17;Uau, você achou um isótopo!
Nitrogênio;N;7;25;7;18;Uau, você achou um isótopo!
Nitrogênio;N;7;26;7;19;Uau, você achou um isótopo!
Nitrogênio;N;7;27;7;20;Uau, você achou um isótopo!
Nitrogênio;N;7;28;7;21;Uau, você achou um isótopo!
Nitrogênio;N;7;29;7;22;Uau, você achou um isótopo!
Nitrogênio;N;7;30;7;23;Uau, você achou um isótopo!
Nitrogênio;N;7;31;7;24;Uau, você achou um isótopo!
Nitrogênio;N;7;32;7;25;Uau, você achou um isótopo!
Nitrogênio;N;7;33;7;26;Uau, você achou um isótopo!
Nitrogênio;N;7;34;7;27;Uau, você achou um isótopo!
Nitrogênio;N;7;35;7;28;Uau, você achou um isótopo!
Nitrogênio;N;7;36;7;29;Uau, você achou um isótopo!
Nitrogênio;N;7;37;7;30;Uau, você achou um isótopo!
Nitrogênio;N;7;38;7;31;Uau, você achou um isótopo!
Nitrogênio;N;7;39;7;32;Uau, você achou um isótopo!
Nitrogênio;N;7;40;7;33;Uau, você achou um isótopo!
Nitrogênio;N;7;41;7;34;Uau, você achou um isótopo!
Nitrogênio;N;7;42;7;35;Uau, você achou um isótopo!
Nitrogênio;N;7;43;7;36;Uau, você achou um isótopo!
Nitrogênio;N;7;44;7;37;Uau, você achou um isótopo!
Nitrogênio;N;7;45;7;38;Uau, você achou um isótopo!
Nitrogênio;N;7;46;7;39;Uau, você achou um isótopo!
Nitrogênio;N;7;47;7;40;Uau, você achou um isótopo!
Nitrogênio;N;7;48;7;41;Uau, você achou um isótopo!
Nitrogênio;N;7;49;7;42;Uau, você achou um isótopo!
Nitrogênio;N;7;50;7;43;Uau, você achou um isótopo!
Nitrogênio;N;7;51;7;44;Uau, você achou um isótopo!
Nitrogênio;N;7;52;7;45;Uau, você achou um isótopo!
Nitrogênio;N;7;53;7;46;Uau, você achou um isótopo!
Nitrogênio;N;7;54;7;47;Uau, você achou um isótopo!
Nitrogênio;N;7;55;7;48;Uau, você achou um isótopo!
Oxigênio;O;8;9;8;1;Uau, você achou um isótopo!
Oxigênio;O;8;10;8;2;Uau, você achou um isótopo!
Oxigênio;O;8;11;8;3;Uau, você achou um isótopo!
Oxigênio;O;8;12;8;4;Uau, você achou um isótopo!
Oxigênio;O;8;13;8;5;Uau, você achou um isótopo!
Oxigênio;O;8;14;8;6;Uau, você achou um isótopo!
Oxigênio;O;8;15;8;7;Uau, você achou um isótopo!
Oxigênio;O;8;16;8;8;Uau, você achou um elemento!
Oxigênio;O;8;17;8;9;Uau, você achou um isótopo!
Oxigênio;O;8;18;8;10;Uau, você achou um isótopo!
Oxigênio;O;8;19;8;11;Uau, você achou um isótopo!
Oxigênio;O;8;20;8;12;Uau, você achou um isótopo!
Oxigênio;O;8;21;8;13;Uau, você achou um isótopo!
Oxigênio;O;8;22;8;14;Uau, você achou um isótopo!
Oxigênio;O;8;23;8;15;Uau, você achou um isótopo!
Oxigênio;O;8;24;8;16;Uau, você achou um isótopo!
Oxigênio;O;8;25;8;17;Uau, você achou um isótopo!
Oxigênio;O;8;26;8;18;Uau, você achou um isótopo!
Oxigênio;O;8;27;8;19;Uau, você achou um isótopo!
Oxigênio;O;8;28;8;20;Uau, você achou um isótopo!
Oxigênio;O;8;29;8;21;Uau, você achou um isótopo!
Oxigênio;O;8;30;8;22;Uau, você achou um isótopo!
Oxigênio;O;8;31;8;23;Uau, você achou um isótopo!
Oxigênio;O;8;32;8;24;Uau, você achou um isótopo!
Oxigênio;O;8;33;8;25;Uau, você achou um isótopo!
Oxigênio;O;8;34;8;26;Uau, você achou um isótopo!
Oxigênio;O;8;35;8;27;Uau, você achou um isótopo!
Oxigênio;O;8;36;8;28;Uau, você achou um isótopo!
Oxigênio;O;8;37;8;29;Uau, você achou um isótopo!
Oxigênio;O;8;38;8;30;Uau, você achou um isótopo!
Oxigênio;O;8;39;8;31;Uau, você achou um isótopo!
Oxigênio;O;8;40;8;32;Uau, você achou um isótopo!
Oxigênio;O;8;41;8;33;Uau, você achou um isótopo!
Oxigênio;O;8;42;8;34;Uau, você achou um isótopo!
Oxigênio;O;8;43;8;35;Uau, você achou um isótopo!
Oxigênio;O;8;44;8;36;Uau, você achou um isótopo!
Oxigênio;O;8;45;8;37;Uau, você achou um isótopo!
Oxigênio;O;8;46;8;38;Uau, você achou um isótopo!
Oxigênio;O;8;47;8;39;Uau, você achou um isótopo!
Oxigênio;O;8;48;8;40;Uau, você achou um isótopo!
Oxigênio;O;8;49;8;41;Uau, você achou um isótopo!
Oxigênio;O;8;50;8;42;Uau, você achou um isótopo!
Oxigênio;O;8;51;8;43;Uau, você achou um isótopo!
Oxigênio;O;8;52;8;44;Uau, você achou um isótopo!
Oxigênio;O;8;53;8;45;Uau, você achou um isótopo!
Oxigênio;O;8;54;8;46;Uau, você achou um isótopo!
Oxigênio;O;8;55;8;47;Uau, você achou um isótopo!
Oxigênio;O;8;56;8;48;Uau, você achou um isótopo!
Flúor;F;9;10;9;1;Uau, você achou um isótopo!
Flúor;F;9;11;9;2;Uau, você achou um isótopo!
Flúor;F;9;12;9;3;Uau, você achou um isótopo!
Flúor;F;9;13;9;4;Uau, você achou um isótopo!
Flúor;F;9;14;9;5;Uau, você achou um isótopo!
Flúor;F;9;15;9;6;Uau, você achou um isótopo!
Flúor;F;9;16;9;7;Uau, você achou um isótopo!
Flúor;F;9;17;9;8;Uau, você achou um isótopo!
Flúor;F;9;18;9;9;Uau, você achou um isótopo!
Flúor;F;9;19;9;10;Uau, você achou um elemento!
Flúor;F;9;20;9;11;Uau, você achou um isótopo!
Flúor;F;9;21;9;12;Uau, você achou um isótopo!
Flúor;F;9;22;9;13;Uau, você achou um isótopo!
Flúor;F;9;23;9;14;Uau, você achou um isótopo!
Flúor;F;9;24;9;15;Uau, você achou um isótopo!
Flúor;F;9;25;9;16;Uau, você achou um isótopo!
Flúor;F;9;26;9;17;Uau, você achou um isótopo!
Flúor;F;9;27;9;18;Uau, você achou um isótopo!
Flúor;F;9;28;9;19;Uau, você achou um isótopo!
Flúor;F;9;29;9;20;Uau, você achou um isótopo!
Flúor;F;9;30;9;21;Uau, você achou um isótopo!
Flúor;F;9;31;9;22;Uau, você achou um isótopo!
Flúor;F;9;32;9;23;Uau, você achou um isótopo!
Flúor;F;9;33;9;24;Uau, você achou um isótopo!
Flúor;F;9;34;9;25;Uau, você achou um isótopo!
Flúor;F;9;35;9;26;Uau, você achou um isótopo!
Flúor;F;9;36;9;27;Uau, você achou um isótopo!
Flúor;F;9;37;9;28;Uau, você achou um isótopo!
Flúor;F;9;38;9;29;Uau, você achou um isótopo!
Flúor;F;9;39;9;30;Uau, você achou um isótopo!
Flúor;F;9;40;9;31;Uau, você achou um isótopo!
Flúor;F;9;41;9;32;Uau, você achou um isótopo!
Flúor;F;9;42;9;33;Uau, você achou um isótopo!
Flúor;F;9;43;9;34;Uau, você achou um isótopo!
Flúor;F;9;44;9;35;Uau, você achou um isótopo!
Flúor;F;9;45;9;36;Uau, você achou um isótopo!
Flúor;F;9;46;9;37;Uau, você achou um isótopo!
Flúor;F;9;47;9;38;Uau, você achou um isótopo!
Flúor;F;9;48;9;39;Uau, você achou um isótopo!
Flúor;F;9;49;9;40;Uau, você achou um isótopo!
Flúor;F;9;50;9;41;Uau, você achou um isótopo!
Flúor;F;9;51;9;42;Uau, você achou um isótopo!
Flúor;F;9;52;9;43;Uau, você achou um isótopo!
Flúor;F;9;53;9;44;Uau, você achou um isótopo!
Flúor;F;9;54;9;45;Uau, você achou um isótopo!
Flúor;F;9;55;9;46;Uau, você achou um isótopo!
Flúor;F;9;56;9;47;Uau, você achou um isótopo!
Flúor;F;9;57;9;48;Uau, você achou um isótopo!
Neônio;Ne;10;11;10;1;Uau, você achou um isótopo!
Neônio;Ne;10;12;10;2;Uau, você achou um isótopo!
Neônio;Ne;10;13;10;3;Uau, você achou um isótopo!
Neônio;Ne;10;14;10;4;Uau, você achou um isótopo!
Neônio;Ne;10;15;10;5;Uau, você achou um isótopo!
Neônio;Ne;10;16;10;6;Uau, você achou um isótopo!
Neônio;Ne;10;17;10;7;Uau, você achou um isótopo!
Neônio;Ne;10;18;10;8;Uau, você achou um isótopo!
Neônio;Ne;10;19;10;9;Uau, você achou um isótopo!
Neônio;Ne;10;20;10;10;Uau, você achou um elemento!
Neônio;Ne;10;21;10;11;Uau, você achou um isótopo!
Neônio;Ne;10;22;10;12;Uau, você achou um isótopo!
Neônio;Ne;10;23;10;13;Uau, você achou um isótopo!
Neônio;Ne;10;24;10;14;Uau, você achou um isótopo!
Neônio;Ne;10;25;10;15;Uau, você achou um isótopo!
Neônio;Ne;10;26;10;16;Uau, você achou um isótopo!
Neônio;Ne;10;27;10;17;Uau, você achou um isótopo!
Neônio;Ne;10;28;10;18;Uau, você achou um isótopo!
Neônio;Ne;10;29;10;19;Uau, você achou um isótopo!
Neônio;Ne;10;30;10;20;Uau, você achou um isótopo!
Neônio;Ne;10;31;10;21;Uau, você achou um isótopo!
Neônio;Ne;10;32;10;22;Uau, você achou um isótopo!
Neônio;Ne;10;33;10;23;Uau, você achou um isótopo!
Neônio;Ne;10;34;10;24;Uau, você achou um isótopo!
Neônio;Ne;10;35;10;25;Uau, você achou um isótopo!
Neônio;Ne;10;36;10;26;Uau, você achou um isótopo!
Neônio;Ne;10;37;10;27;Uau, você achou um isótopo!
Neônio;Ne;10;38;10;28;Uau, você achou um isótopo!
Neônio;Ne;10;39;10;29;Uau, você achou um isótopo!
Neônio;Ne;10;40;10;30;Uau, você achou um isótopo!
Neônio;Ne;10;41;10;31;Uau, você achou um isótopo!
Neônio;Ne;10;42;10;32;Uau, você achou um isótopo!
Neônio;Ne;10;43;10;33;Uau, você achou um isótopo!
Neônio;Ne;10;44;10;34;Uau, você achou um isótopo!
Neônio;Ne;10;45;10;35;Uau, você achou um isótopo!
Neônio;Ne;10;46;10;36;Uau, você achou um isótopo!
Neônio;Ne;10;47;10;37;Uau, você achou um isótopo!
Neônio;Ne;10;48;10;38;Uau, você achou um isótopo!
Neônio;Ne;10;49;10;39;Uau, você achou um isótopo!
Neônio;Ne;10;50;10;40;Uau, você achou um isótopo!
Neônio;Ne;10;51;10;41;Uau, você achou um isótopo!
Neônio;Ne;10;52;10;42;Uau, você achou um isótopo!
Neônio;Ne;10;53;10;43;Uau, você achou um isótopo!
Neônio;Ne;10;54;10;44;Uau, você achou um isótopo!
Neônio;Ne;10;55;10;45;Uau, você achou um isótopo!
Neônio;Ne;10;56;10;46;Uau, você achou um isótopo!
Neônio;Ne;10;57;10;47;Uau, você achou um isótopo!
Neônio;Ne;10;58;10;48;Uau, você achou um isótopo!
Sódio;Na;11;12;11;1;Uau, você achou um isótopo!
Sódio;Na;11;13;11;2;Uau, você achou um isótopo!
Sódio;Na;11;14;11;3;Uau, você achou um isótopo!
Sódio;Na;11;15;11;4;Uau, você achou um isótopo!
Sódio;Na;11;16;11;5;Uau, você achou um isótopo!
Sódio;Na;11;17;11;6;Uau, você achou um isótopo!
Sódio;Na;11;18;11;7;Uau, você achou um isótopo!
Sódio;Na;11;19;11;8;Uau, você achou um isótopo!
Sódio;Na;11;20;11;9;Uau, você achou um isótopo!
Sódio;Na;11;21;11;10;Uau, você achou um isótopo!
Sódio;Na;11;22;11;11;Uau, você achou um isótopo!
Sódio;Na;11;23;11;12;Uau, você achou um elemento!
Sódio;Na;11;24;11;13;Uau, você achou um isótopo!
Sódio;Na;11;25;11;14;Uau, você achou um isótopo!
Sódio;Na;11;26;11;15;Uau, você achou um isótopo!
Sódio;Na;11;27;11;16;Uau, você achou um isótopo!
Sódio;Na;11;28;11;17;Uau, você achou um isótopo!
Sódio;Na;11;29;11;18;Uau, você achou um isótopo!
Sódio;Na;11;30;11;19;Uau, você achou um isótopo!
Sódio;Na;11;31;11;20;Uau, você achou um isótopo!
Sódio;Na;11;32;11;21;Uau, você achou um isótopo!
Sódio;Na;11;33;11;22;Uau, você achou um isótopo!
Sódio;Na;11;34;11;23;Uau, você achou um isótopo!
Sódio;Na;11;35;11;24;Uau, você achou um isótopo!
Sódio;Na;11;36;11;25;Uau, você achou um isótopo!
Sódio;Na;11;37;11;26;Uau, você achou um isótopo!
Sódio;Na;11;38;11;27;Uau, você achou um isótopo!
Sódio;Na;11;39;11;28;Uau, você achou um isótopo!
Sódio;Na;11;40;11;29;Uau, você achou um isótopo!
Sódio;Na;11;41;11;30;Uau, você achou um isótopo!
Sódio;Na;11;42;11;31;Uau, você achou um isótopo!
Sódio;Na;11;43;11;32;Uau, você achou um isótopo!
Sódio;Na;11;44;11;33;Uau, você achou um isótopo!
Sódio;Na;11;45;11;34;Uau, você achou um isótopo!
Sódio;Na;11;46;11;35;Uau, você achou um isótopo!
Sódio;Na;11;47;11;36;Uau, você achou um isótopo!
Sódio;Na;11;48;11;37;Uau, você achou um isótopo!
Sódio;Na;11;49;11;38;Uau, você achou um isótopo!
Sódio;Na;11;50;11;39;Uau, você achou um isótopo!
Sódio;Na;11;51;11;40;Uau, você achou um isótopo!
Sódio;Na;11;52;11;41;Uau, você achou um isótopo!
Sódio;Na;11;53;11;42;Uau, você achou um isótopo!
Sódio;Na;11;54;11;43;Uau, você achou um isótopo!
Sódio;Na;11;55;11;44;Uau, você achou um isótopo!
Sódio;Na;11;56;11;45;Uau, você achou um isótopo!
Sódio;Na;11;57;11;46;Uau, você achou um isótopo!
Sódio;Na;11;58;11;47;Uau, você achou um isótopo!
Sódio;Na;11;59;11;48;Uau, você achou um isótopo!
Magnésio;Mg;12;13;12;1;Uau, você achou um isótopo!
Magnésio;Mg;12;14;12;2;Uau, você achou um isótopo!
Magnésio;Mg;12;15;12;3;Uau, você achou um isótopo!
Magnésio;Mg;12;16;12;4;Uau, você achou um isótopo!
Magnésio;Mg;12;17;12;5;Uau, você achou um isótopo!
Magnésio;Mg;12;18;12;6;Uau, você achou um isótopo!
Magnésio;Mg;12;19;12;7;Uau, você achou um isótopo!
Magnésio;Mg;12;20;12;8;Uau, você achou um isótopo!
Magnésio;Mg;12;21;12;9;Uau, você achou um isótopo!
Magnésio;Mg;12;22;12;10;Uau, você achou um isótopo!
Magnésio;Mg;12;23;12;11;Uau, você achou um isótopo!
Magnésio;Mg;12;24;12;12;Uau, você achou um elemento!
Magnésio;Mg;12;25;12;13;Uau, você achou um isótopo!
Magnésio;Mg;12;26;12;14;Uau, você achou um isótopo!
Magnésio;Mg;12;27;12;15;Uau, você achou um isótopo!
Magnésio;Mg;12;28;12;16;Uau, você achou um isótopo!
Magnésio;Mg;12;29;12;17;Uau, você achou um isótopo!
Magnésio;Mg;12;30;12;18;Uau, você achou um isótopo!
Magnésio;Mg;12;31;12;19;Uau, você achou um isótopo!
Magnésio;Mg;12;32;12;20;Uau, você achou um isótopo!
Magnésio;Mg;12;33;12;21;Uau, você achou um isótopo!
Magnésio;Mg;12;34;12;22;Uau, você achou um isótopo!
Magnésio;Mg;12;35;12;23;Uau, você achou um isótopo!
Magnésio;Mg;12;36;12;24;Uau, você achou um isótopo!
Magnésio;Mg;12;37;12;25;Uau, você achou um isótopo!
Magnésio;Mg;12;38;12;26;Uau, você achou um isótopo!
Magnésio;Mg;12;39;12;27;Uau, você achou um isótopo!
Magnésio;Mg;12;40;12;28;Uau, você achou um isótopo!
Magnésio;Mg;12;41;12;29;Uau, você achou um isótopo!
Magnésio;Mg;12;42;12;30;Uau, você achou um isótopo!
Magnésio;Mg;12;43;12;31;Uau, você achou um isótopo!
Magnésio;Mg;12;44;12;32;Uau, você achou um isótopo!
Magnésio;Mg;12;45;12;33;Uau, você achou um isótopo!
Magnésio;Mg;12;46;12;34;Uau, você achou um isótopo!
Magnésio;Mg;12;47;12;35;Uau, você achou um isótopo!
Magnésio;Mg;12;48;12;36;Uau, você achou um isótopo!
Magnésio;Mg;12;49;12;37;Uau, você achou um isótopo!
Magnésio;Mg;12;50;12;38;Uau, você achou um isótopo!
Magnésio;Mg;12;51;12;39;Uau, você achou um isótopo!
Magnésio;Mg;12;52;12;40;Uau, você achou um isótopo!
Magnésio;Mg;12;53;12;41;Uau, você achou um isótopo!
Magnésio;Mg;12;54;12;42;Uau, você achou um isótopo!
Magnésio;Mg;12;55;12;43;Uau, você achou um isótopo!
Magnésio;Mg;12;56;12;44;Uau, você achou um isótopo!
Magnésio;Mg;12;57;12;45;Uau, você achou um isótopo!
Magnésio;Mg;12;58;12;46;Uau, você achou um isótopo!
Magnésio;Mg;12;59;12;47;Uau, você achou um isótopo!
Magnésio;Mg;12;60;12;48;Uau, você achou um isótopo!
Alumínio;Al;13;14;13;1;Uau, você achou um isótopo!
Alumínio;Al;13;15;13;2;Uau, você achou um isótopo!
Alumínio;Al;13;16;13;3;Uau, você achou um isótopo!
Alumínio;Al;13;17;13;4;Uau, você achou um isótopo!
Alumínio;Al;13;18;13;5;Uau, você achou um isótopo!
Alumínio;Al;13;19;13;6;Uau, você achou um isótopo!
Alumínio;Al;13;20;13;7;Uau, você achou um isótopo!
Alumínio;Al;13;21;13;8;Uau, você achou um isótopo!
Alumínio;Al;13;22;13;9;Uau, você achou um isótopo!
Alumínio;Al;13;23;13;10;Uau, você achou um isótopo!
Alumínio;Al;13;24;13;11;Uau, você achou um isótopo!
Alumínio;Al;13;25;13;12;Uau, você achou um isótopo!
Alumínio;Al;13;26;13;13;Uau, você achou um isótopo!
Alumínio;Al;13;27;13;14;Uau, você achou um elemento!
Alumínio;Al;13;28;13;15;Uau, você achou um isótopo!
Alumínio;Al;13;29;13;16;Uau, você achou um isótopo!
Alumínio;Al;13;30;13;17;Uau, você achou um isótopo!
Alumínio;Al;13;31;13;18;Uau, você achou um isótopo!
Alumínio;Al;13;32;13;19;Uau, você achou um isótopo!
Alumínio;Al;13;33;13;20;Uau, você achou um isótopo!
Alumínio;Al;13;34;13;21;Uau, você achou um isótopo!
Alumínio;Al;13;35;13;22;Uau, você achou um isótopo!
Alumínio;Al;13;36;13;23;Uau, você achou um isótopo!
Alumínio;Al;13;37;13;24;Uau, você achou um isótopo!
Alumínio;Al;13;38;13;25;Uau, você achou um isótopo!
Alumínio;Al;13;39;13;26;Uau, você achou um isótopo!
Alumínio;Al;13;40;13;27;Uau, você achou um isótopo!
Alumínio;Al;13;41;13;28;Uau, você achou um isótopo!
Alumínio;Al;13;42;13;29;Uau, você achou um isótopo!
Alumínio;Al;13;43;13;30;Uau, você achou um isótopo!
Alumínio;Al;13;44;13;31;Uau, você achou um isótopo!
Alumínio;Al;13;45;13;32;Uau, você achou um isótopo!
Alumínio;Al;13;46;13;33;Uau, você achou um isótopo!
Alumínio;Al;13;47;13;34;Uau, você achou um isótopo!
Alumínio;Al;13;48;13;35;Uau, você achou um isótopo!
Alumínio;Al;13;49;13;36;Uau, você achou um isótopo!
Alumínio;Al;13;50;13;37;Uau, você achou um isótopo!
Alumínio;Al;13;51;13;38;Uau, você achou um isótopo!
Alumínio;Al;13;52;13;39;Uau, você achou um isótopo!
Alumínio;Al;13;53;13;40;Uau, você achou um isótopo!
Alumínio;Al;13;54;13;41;Uau, você achou um isótopo!
Alumínio;Al;13;55;13;42;Uau, você achou um isótopo!
Alumínio;Al;13;56;13;43;Uau, você achou um isótopo!
Alumínio;Al;13;57;13;44;Uau, você achou um isótopo!
Alumínio;Al;13;58;13;45;Uau, você achou um isótopo!
Alumínio;Al;13;59;13;46;Uau, você achou um isótopo!
Alumínio;Al;13;60;13;47;Uau, você achou um isótopo!
Alumínio;Al;13;61;13;48;Uau, você achou um isótopo!
Silício;Si;14;15;14;1;Uau, você achou um isótopo!
Silício;Si;14;16;14;2;Uau, você achou um isótopo!
Silício;Si;14;17;14;3;Uau, você achou um isótopo!
Silício;Si;14;18;14;4;Uau, você achou um isótopo!
Silício;Si;14;19;14;5;Uau, você achou um isótopo!
Silício;Si;14;20;14;6;Uau, você achou um isótopo!
Silício;Si;14;21;14;7;Uau, você achou um isótopo!
Silício;Si;14;22;14;8;Uau, você achou um isótopo!
Silício;Si;14;23;14;9;Uau, você achou um isótopo!
Silício;Si;14;24;14;10;Uau, você achou um isótopo!
Silício;Si;14;25;14;11;Uau, você achou um isótopo!
Silício;Si;14;26;14;12;Uau, você achou um isótopo!
Silício;Si;14;27;14;13;Uau, você achou um isótopo!
Silício;Si;14;28;14;14;Uau, você achou um elemento!
Silício;Si;14;29;14;15;Uau, você achou um isótopo!
Silício;Si;14;30;14;16;Uau, você achou um isótopo!
Silício;Si;14;31;14;17;Uau, você achou um isótopo!
Silício;Si;14;32;14;18;Uau, você achou um isótopo!
Silício;Si;14;33;14;19;Uau, você achou um isótopo!
Silício;Si;14;34;14;20;Uau, você achou um isótopo!
Silício;Si;14;35;14;21;Uau, você achou um isótopo!
Silício;Si;14;36;14;22;Uau, você achou um isótopo!
Silício;Si;14;37;14;23;Uau, você achou um isótopo!
Silício;Si;14;38;14;24;Uau, você achou um isótopo!
Silício;Si;14;39;14;25;Uau, você achou um isótopo!
Silício;Si;14;40;14;26;Uau, você achou um isótopo!
Silício;Si;14;41;14;27;Uau, você achou um isótopo!
Silício;Si;14;42;14;28;Uau, você achou um isótopo!
Silício;Si;14;43;14;29;Uau, você achou um isótopo!
Silício;Si;14;44;14;30;Uau, você achou um isótopo!
Silício;Si;14;45;14;31;Uau, você achou um isótopo!
Silício;Si;14;46;14;32;Uau, você achou um isótopo!
Silício;Si;14;47;14;33;Uau, você achou um isótopo!
Silício;Si;14;48;14;34;Uau, você achou um isótopo!
Silício;Si;14;49;14;35;Uau, você achou um isótopo!
Silício;Si;14;50;14;36;Uau, você achou um isótopo!
Silício;Si;14;51;14;37;Uau, você achou um isótopo!
Silício;Si;14;52;14;38;Uau, você achou um isótopo!
Silício;Si;14;53;14;39;Uau, você achou um isótopo!
Silício;Si;14;54;14;40;Uau, você achou um isótopo!
Silício;Si;14;55;14;41;Uau, você achou um isótopo!
Silício;Si;14;56;14;42;Uau, você achou um isótopo!
Silício;Si;14;57;14;43;Uau, você achou um isótopo!
Silício;Si;14;58;14;44;Uau, você achou um isótopo!
Silício;Si;14;59;14;45;Uau, você achou um isótopo!
Silício;Si;14;60;14;46;Uau, você achou um isótopo!
Silício;Si;14;61;14;47;Uau, você achou um isótopo!
Silício;Si;14;62;14;48;Uau, você achou um isótopo!
Fósforo;P;15;16;15;1;Uau, você achou um isótopo!
Fósforo;P;15;17;15;2;Uau, você achou um isótopo!
Fósforo;P;15;18;15;3;Uau, você achou um isótopo!
Fósforo;P;15;19;15;4;Uau, você achou um isótopo!
Fósforo;P;15;20;15;5;Uau, você achou um isótopo!
Fósforo;P;15;21;15;6;Uau, você achou um isótopo!
Fósforo;P;15;22;15;7;Uau, você achou um isótopo!
Fósforo;P;15;23;15;8;Uau, você achou um isótopo!
Fósforo;P;15;24;15;9;Uau, você achou um isótopo!
Fósforo;P;15;25;15;10;Uau, você achou um isótopo!
Fósforo;P;15;26;15;11;Uau, você achou um isótopo!
Fósforo;P;15;27;15;12;Uau, você achou um isótopo!
Fósforo;P;15;28;15;13;Uau, você achou um isótopo!
Fósforo;P;15;29;15;14;Uau, você achou um isótopo!
Fósforo;P;15;30;15;15;Uau, você achou um isótopo!
Fósforo;P;15;31;15;16;Uau, você achou um elemento!
Fósforo;P;15;32;15;17;Uau, você achou um isótopo!
Fósforo;P;15;33;15;18;Uau, você achou um isótopo!
Fósforo;P;15;34;15;19;Uau, você achou um isótopo!
Fósforo;P;15;35;15;20;Uau, você achou um isótopo!
Fósforo;P;15;36;15;21;Uau, você achou um isótopo!
Fósforo;P;15;37;15;22;Uau, você achou um isótopo!
Fósforo;P;15;38;15;23;Uau, você achou um isótopo!
Fósforo;P;15;39;15;24;Uau, você achou um isótopo!
Fósforo;P;15;40;15;25;Uau, você achou um isótopo!
Fósforo;P;15;41;15;26;Uau, você achou um isótopo!
Fósforo;P;15;42;15;27;Uau, você achou um isótopo!
Fósforo;P;15;43;15;28;Uau, você achou um isótopo!
Fósforo;P;15;44;15;29;Uau, você achou um isótopo!
Fósforo;P;15;45;15;30;Uau, você achou um isótopo!
Fósforo;P;15;46;15;31;Uau, você achou um isótopo!
Fósforo;P;15;47;15;32;Uau, você achou um isótopo!
Fósforo;P;15;48;15;33;Uau, você achou um isótopo!
Fósforo;P;15;49;15;34;Uau, você achou um isótopo!
Fósforo;P;15;50;15;35;Uau, você achou um isótopo!
Fósforo;P;15;51;15;36;Uau, você achou um isótopo!
Fósforo;P;15;52;15;37;Uau, você achou um isótopo!
Fósforo;P;15;53;15;38;Uau, você achou um isótopo!
Fósforo;P;15;54;15;39;Uau, você achou um isótopo!
Fósforo;P;15;55;15;40;Uau, você achou um isótopo!
Fósforo;P;15;56;15;41;Uau, você achou um isótopo!
Fósforo;P;15;57;15;42;Uau, você achou um isótopo!
Fósforo;P;15;58;15;43;Uau, você achou um isótopo!
Fósforo;P;15;59;15;44;Uau, você achou um isótopo!
Fósforo;P;15;60;15;45;Uau, você achou um isótopo!
Fósforo;P;15;61;15;46;Uau, você achou um isótopo!
Fósforo;P;15;62;15;47;Uau, você achou um isótopo!
Fósforo;P;15;63;15;48;Uau, você achou um isótopo!
Enxofre;S;16;17;16;1;Uau, você achou um isótopo!
Enxofre;S;16;18;16;2;Uau, você achou um isótopo!
Enxofre;S;16;19;16;3;Uau, você achou um isótopo!
Enxofre;S;16;20;16;4;Uau, você achou um isótopo!
Enxofre;S;16;21;16;5;Uau, você achou um isótopo!
Enxofre;S;16;22;16;6;Uau, você achou um isótopo!
Enxofre;S;16;23;16;7;Uau, você achou um isótopo!
Enxofre;S;16;24;16;8;Uau, você achou um isótopo!
Enxofre;S;16;25;16;9;Uau, você achou um isótopo!
Enxofre;S;16;26;16;10;Uau, você achou um isótopo!
Enxofre;S;16;27;16;11;Uau, você achou um isótopo!
Enxofre;S;16;28;16;12;Uau, você achou um isótopo!
Enxofre;S;16;29;16;13;Uau, você achou um isótopo!
Enxofre;S;16;30;16;14;Uau, você achou um isótopo!
Enxofre;S;16;31;16;15;Uau, você achou um isótopo!
Enxofre;S;16;32;16;16;Uau, você achou um elemento!
Enxofre;S;16;33;16;17;Uau, você achou um isótopo!
Enxofre;S;16;34;16;18;Uau, você achou um isótopo!
Enxofre;S;16;35;16;19;Uau, você achou um isótopo!
Enxofre;S;16;36;16;20;Uau, você achou um isótopo!
Enxofre;S;16;37;16;21;Uau, você achou um isótopo!
Enxofre;S;16;38;16;22;Uau, você achou um isótopo!
Enxofre;S;16;39;16;23;Uau, você achou um isótopo!
Enxofre;S;16;40;16;24;Uau, você achou um isótopo!
Enxofre;S;16;41;16;25;Uau, você achou um isótopo!
Enxofre;S;16;42;16;26;Uau, você achou um isótopo!
Enxofre;S;16;43;16;27;Uau, você achou um isótopo!
Enxofre;S;16;44;16;28;Uau, você achou um isótopo!
Enxofre;S;16;45;16;29;Uau, você achou um isótopo!
Enxofre;S;16;46;16;30;Uau, você achou um isótopo!
Enxofre;S;16;47;16;31;Uau, você achou um isótopo!
Enxofre;S;16;48;16;32;Uau, você achou um isótopo!
Enxofre;S;16;49;16;33;Uau, você achou um isótopo!
Enxofre;S;16;50;16;34;Uau, você achou um isótopo!
Enxofre;S;16;51;16;35;Uau, você achou um isótopo!
Enxofre;S;16;52;16;36;Uau, você achou um isótopo!
Enxofre;S;16;53;16;37;Uau, você achou um isótopo!
Enxofre;S;16;54;16;38;Uau, você achou um isótopo!
Enxofre;S;16;55;16;39;Uau, você achou um isótopo!
Enxofre;S;16;56;16;40;Uau, você achou um isótopo!
Enxofre;S;16;57;16;41;Uau, você achou um isótopo!
Enxofre;S;16;58;16;42;Uau, você achou um isótopo!
Enxofre;S;16;59;16;43;Uau, você achou um isótopo!
Enxofre;S;16;60;16;44;Uau, você achou um isótopo!
Enxofre;S;16;61;16;45;Uau, você achou um isótopo!
Enxofre;S;16;62;16;46;Uau, você achou um isótopo!
Enxofre;S;16;63;16;47;Uau, você achou um isótopo!
Enxofre;S;16;64;16;48;Uau, você achou um isótopo!
Cloro;Cl;17;18;17;1;Uau, você achou um isótopo!
Cloro;Cl;17;19;17;2;Uau, você achou um isótopo!
Cloro;Cl;17;20;17;3;Uau, você achou um isótopo!
Cloro;Cl;17;21;17;4;Uau, você achou um isótopo!
Cloro;Cl;17;22;17;5;Uau, você achou um isótopo!
Cloro;Cl;17;23;17;6;Uau, você achou um isótopo!
Cloro;Cl;17;24;17;7;Uau, você achou um isótopo!
Cloro;Cl;17;25;17;8;Uau, você achou um isótopo!
Cloro;Cl;17;26;17;9;Uau, você achou um isótopo!
Cloro;Cl;17;27;17;10;Uau, você achou um isótopo!
Cloro;Cl;17;28;17;11;Uau, você achou um isótopo!
Cloro;Cl;17;29;17;12;Uau, você achou um isótopo!
Cloro;Cl;17;30;17;13;Uau, você achou um isótopo!
Cloro;Cl;17;31;17;14;Uau, você achou um isótopo!
Cloro;Cl;17;32;17;15;Uau, você achou um isótopo!
Cloro;Cl;17;33;17;16;Uau, você achou um isótopo!
Cloro;Cl;17;34;17;17;Uau, você achou um isótopo!
Cloro;Cl;17;35;17;18;Uau, você achou um elemento!
Cloro;Cl;17;36;17;19;Uau, você achou um isótopo!
Cloro;Cl;17;37;17;20;Uau, você achou um isótopo!
Cloro;Cl;17;38;17;21;Uau, você achou um isótopo!
Cloro;Cl;17;39;17;22;Uau, você achou um isótopo!
Cloro;Cl;17;40;17;23;Uau, você achou um isótopo!
Cloro;Cl;17;41;17;24;Uau, você achou um isótopo!
Cloro;Cl;17;42;17;25;Uau, você achou um isótopo!
Cloro;Cl;17;43;17;26;Uau, você achou um isótopo!
Cloro;Cl;17;44;17;27;Uau, você achou um isótopo!
Cloro;Cl;17;45;17;28;Uau, você achou um isótopo!
Cloro;Cl;17;46;17;29;Uau, você achou um isótopo!
Cloro;Cl;17;47;17;30;Uau, você achou um isótopo!
Cloro;Cl;17;48;17;31;Uau, você achou um isótopo!
Cloro;Cl;17;49;17;32;Uau, você achou um isótopo!
Cloro;Cl;17;50;17;33;Uau, você achou um isótopo!
Cloro;Cl;17;51;17;34;Uau, você achou um isótopo!
Cloro;Cl;17;52;17;35;Uau, você achou um isótopo!
Cloro;Cl;17;53;17;36;Uau, você achou um isótopo!
Cloro;Cl;17;54;17;37;Uau, você achou um isótopo!
Cloro;Cl;17;55;17;38;Uau, você achou um isótopo!
Cloro;Cl;17;56;17;39;Uau, você achou um isótopo!
Cloro;Cl;17;57;17;40;Uau, você achou um isótopo!
Cloro;Cl;17;58;17;41;Uau, você achou um isótopo!
Cloro;Cl;17;59;17;42;Uau, você achou um isótopo!
Cloro;Cl;17;60;17;43;Uau, você achou um isótopo!
Cloro;Cl;17;61;17;44;Uau, você achou um isótopo!
Cloro;Cl;17;62;17;45;Uau, você achou um isótopo!
Cloro;Cl;17;63;17;46;Uau, você achou um isótopo!
Cloro;Cl;17;64;17;47;Uau, você achou um isótopo!
Cloro;Cl;17;65;17;48;Uau, você achou um isótopo!
Argônio;Ar;18;19;18;1;Uau, você achou um isótopo!
Argônio;Ar;18;20;18;2;Uau, você achou um isótopo!
Argônio;Ar;18;21;18;3;Uau, você achou um isótopo!
Argônio;Ar;18;22;18;4;Uau, você achou um isótopo!
Argônio;Ar;18;23;18;5;Uau, você achou um isótopo!
Argônio;Ar;18;24;18;6;Uau, você achou um isótopo!
Argônio;Ar;18;25;18;7;Uau, você achou um isótopo!
Argônio;Ar;18;26;18;8;Uau, você achou um isótopo!
Argônio;Ar;18;27;18;9;Uau, você achou um isótopo!
Argônio;Ar;18;28;18;10;Uau, você achou um isótopo!
Argônio;Ar;18;29;18;11;Uau, você achou um isótopo!
Argônio;Ar;18;30;18;12;Uau, você achou um isótopo!
Argônio;Ar;18;31;18;13;Uau, você achou um isótopo!
Argônio;Ar;18;32;18;14;Uau, você achou um isótopo!
Argônio;Ar;18;33;18;15;Uau, você achou um isótopo!
Argônio;Ar;18;34;18;16;Uau, você achou um isótopo!
Argônio;Ar;18;35;18;17;Uau, você achou um isótopo!
Argônio;Ar;18;36;18;18;Uau, você achou um isótopo!
Argônio;Ar;18;37;18;19;Uau, você achou um isótopo!
Argônio;Ar;18;38;18;20;Uau, você achou um isótopo!
Argônio;Ar;18;39;18;21;Uau, você achou um isótopo!
Argônio;Ar;18;40;18;22;Uau, você achou um elemento!
Argônio;Ar;18;41;18;23;Uau, você achou um isótopo!
Argônio;Ar;18;42;18;24;Uau, você achou um isótopo!
Argônio;Ar;18;43;18;25;Uau, você achou um isótopo!
Argônio;Ar;18;44;18;26;Uau, você achou um isótopo!
Argônio;Ar;18;45;18;27;Uau, você achou um isótopo!
Argônio;Ar;18;46;18;28;Uau, você achou um isótopo!
Argônio;Ar;18;47;18;29;Uau, você achou um isótopo!
Argônio;Ar;18;48;18;30;Uau, você achou um isótopo!
Argônio;Ar;18;49;18;31;Uau, você achou um isótopo!
Argônio;Ar;18;50;18;32;Uau, você achou um isótopo!
Argônio;Ar;18;51;18;33;Uau, você achou um isótopo!
Argônio;Ar;18;52;18;34;Uau, você achou um isótopo!
Argônio;Ar;18;53;18;35;Uau, você achou um isótopo!
Argônio;Ar;18;54;18;36;Uau, você achou um isótopo!
Argônio;Ar;18;55;18;37;Uau, você achou um isótopo!
Argônio;Ar;18;56;18;38;Uau, você achou um isótopo!
Argônio;Ar;18;57;18;39;Uau, você achou um isótopo!
Argônio;Ar;18;58;18;40;Uau, você achou um isótopo!
Argônio;Ar;18;59;18;41;Uau, você achou um isótopo!
Argônio;Ar;18;60;18;42;Uau, você achou um isótopo!
Argônio;Ar;18;61;18;43;Uau, você achou um isótopo!
Argônio;Ar;18;62;18;44;Uau, você achou um isótopo!
Argônio;Ar;18;63;18;45;Uau, você achou um isótopo!
Argônio;Ar;18;64;18;46;Uau, você achou um isótopo!
Argônio;Ar;18;65;18;47;Uau, você achou um isótopo!
Argônio;Ar;18;66;18;48;Uau, você achou um isótopo!
Potássio;K;19;20;19;1;Uau, você achou um isótopo!
Potássio;K;19;21;19;2;Uau, você achou um isótopo!
Potássio;K;19;22;19;3;Uau, você achou um isótopo!
Potássio;K;19;23;19;4;Uau, você achou um isótopo!
Potássio;K;19;24;19;5;Uau, você achou um isótopo!
Potássio;K;19;25;19;6;Uau, você achou um isótopo!
Potássio;K;19;26;19;7;Uau, você achou um isótopo!
Potássio;K;19;27;19;8;Uau, você achou um isótopo!
Potássio;K;19;28;19;9;Uau, você achou um isótopo!
Potássio;K;19;29;19;10;Uau, você achou um isótopo!
Potássio;K;19;30;19;11;Uau, você achou um isótopo!
Potássio;K;19;31;19;12;Uau, você achou um isótopo!
Potássio;K;19;32;19;13;Uau, você achou um isótopo!
Potássio;K;19;33;19;14;Uau, você achou um isótopo!
Potássio;K;19;34;19;15;Uau, você achou um isótopo!
Potássio;K;19;35;19;16;Uau, você achou um isótopo!
Potássio;K;19;36;19;17;Uau, você achou um isótopo!
Potássio;K;19;37;19;18;Uau, você achou um isótopo!
Potássio;K;19;38;19;19;Uau, você achou um isótopo!
Potássio;K;19;39;19;20;Uau, você achou um elemento!
Potássio;K;19;40;19;21;Uau, você achou um isótopo!
Potássio;K;19;41;19;22;Uau, você achou um isótopo!
Potássio;K;19;42;19;23;Uau, você achou um isótopo!
Potássio;K;19;43;19;24;Uau, você achou um isótopo!
Potássio;K;19;44;19;25;Uau, você achou um isótopo!
Potássio;K;19;45;19;26;Uau, você achou um isótopo!
Potássio;K;19;46;19;27;Uau, você achou um isótopo!
Potássio;K;19;47;19;28;Uau, você achou um isótopo!
Potássio;K;19;48;19;29;Uau, você achou um isótopo!
Potássio;K;19;49;19;30;Uau, você achou um isótopo!
Potássio;K;19;50;19;31;Uau, você achou um isótopo!
Potássio;K;19;51;19;32;Uau, você achou um isótopo!
Potássio;K;19;52;19;33;Uau, você achou um isótopo!
Potássio;K;19;53;19;34;Uau, você achou um isótopo!
Potássio;K;19;54;19;35;Uau, você achou um isótopo!
Potássio;K;19;55;19;36;Uau, você achou um isótopo!
Potássio;K;19;56;19;37;Uau, você achou um isótopo!
Potássio;K;19;57;19;38;Uau, você achou um isótopo!
Potássio;K;19;58;19;39;Uau, você achou um isótopo!
Potássio;K;19;59;19;40;Uau, você achou um isótopo!
Potássio;K;19;60;19;41;Uau, você achou um isótopo!
Potássio;K;19;61;19;42;Uau, você achou um isótopo!
Potássio;K;19;62;19;43;Uau, você achou um isótopo!
Potássio;K;19;63;19;44;Uau, você achou um isótopo!
Potássio;K;19;64;19;45;Uau, você achou um isótopo!
Potássio;K;19;65;19;46;Uau, você achou um isótopo!
Potássio;K;19;66;19;47;Uau, você achou um isótopo!
Potássio;K;19;67;19;48;Uau, você achou um isótopo!
Cálcio;Ca;20;21;20;1;Uau, você achou um isótopo!
Cálcio;Ca;20;22;20;2;Uau, você achou um isótopo!
Cálcio;Ca;20;23;20;3;Uau, você achou um isótopo!
Cálcio;Ca;20;24;20;4;Uau, você achou um isótopo!
Cálcio;Ca;20;25;20;5;Uau, você achou um isótopo!
Cálcio;Ca;20;26;20;6;Uau, você achou um isótopo!
Cálcio;Ca;20;27;20;7;Uau, você achou um isótopo!
Cálcio;Ca;20;28;20;8;Uau, você achou um isótopo!
Cálcio;Ca;20;29;20;9;Uau, você achou um isótopo!
Cálcio;Ca;20;30;20;10;Uau, você achou um isótopo!
Cálcio;Ca;20;31;20;11;Uau, você achou um isótopo!
Cálcio;Ca;20;32;20;12;Uau, você achou um isótopo!
Cálcio;Ca;20;33;20;13;Uau, você achou um isótopo!
Cálcio;Ca;20;34;20;14;Uau, você achou um isótopo!
Cálcio;Ca;20;35;20;15;Uau, você achou um isótopo!
Cálcio;Ca;20;36;20;16;Uau, você achou um isótopo!
Cálcio;Ca;20;37;20;17;Uau, você achou um isótopo!
Cálcio;Ca;20;38;20;18;Uau, você achou um isótopo!
Cálcio;Ca;20;39;20;19;Uau, você achou um isótopo!
Cálcio;Ca;20;40;20;20;Uau, você achou um elemento!
Cálcio;Ca;20;41;20;21;Uau, você achou um isótopo!
Cálcio;Ca;20;42;20;22;Uau, você achou um isótopo!
Cálcio;Ca;20;43;20;23;Uau, você achou um isótopo!
Cálcio;Ca;20;44;20;24;Uau, você achou um isótopo!
Cálcio;Ca;20;45;20;25;Uau, você achou um isótopo!
Cálcio;Ca;20;46;20;26;Uau, você achou um isótopo!
Cálcio;Ca;20;47;20;27;Uau, você achou um isótopo!
Cálcio;Ca;20;48;20;28;Uau, você achou um isótopo!
Cálcio;Ca;20;49;20;29;Uau, você achou um isótopo!
Cálcio;Ca;20;50;20;30;Uau, você achou um isótopo!
Cálcio;Ca;20;51;20;31;Uau, você achou um isótopo!
Cálcio;Ca;20;52;20;32;Uau, você achou um isótopo!
Cálcio;Ca;20;53;20;33;Uau, você achou um isótopo!
Cálcio;Ca;20;54;20;34;Uau, você achou um isótopo!
Cálcio;Ca;20;55;20;35;Uau, você achou um isótopo!
Cálcio;Ca;20;56;20;36;Uau, você achou um isótopo!
Cálcio;Ca;20;57;20;37;Uau, você achou um isótopo!
Cálcio;Ca;20;58;20;38;Uau, você achou um isótopo!
Cálcio;Ca;20;59;20;39;Uau, você achou um isótopo!
Cálcio;Ca;20;60;20;40;Uau, você achou um isótopo!
Cálcio;Ca;20;61;20;41;Uau, você achou um isótopo!
Cálcio;Ca;20;62;20;42;Uau, você achou um isótopo!
Cálcio;Ca;20;63;20;43;Uau, você achou um isótopo!
Cálcio;Ca;20;64;20;44;Uau, você achou um isótopo!
Cálcio;Ca;20;65;20;45;Uau, você achou um isótopo!
Cálcio;Ca;20;66;20;46;Uau, você achou um isótopo!
Cálcio;Ca;20;67;20;47;Uau, você achou um isótopo!
Cálcio;Ca;20;68;20;48;Uau, você achou um isótopo!
Escândio;Sc;21;22;21;1;Uau, você achou um isótopo!
Escândio;Sc;21;23;21;2;Uau, você achou um isótopo!
Escândio;Sc;21;24;21;3;Uau, você achou um isótopo!
Escândio;Sc;21;25;21;4;Uau, você achou um isótopo!
Escândio;Sc;21;26;21;5;Uau, você achou um isótopo!
Escândio;Sc;21;27;21;6;Uau, você achou um isótopo!
Escândio;Sc;21;28;21;7;Uau, você achou um isótopo!
Escândio;Sc;21;29;21;8;Uau, você achou um isótopo!
Escândio;Sc;21;30;21;9;Uau, você achou um isótopo!
Escândio;Sc;21;31;21;10;Uau, você achou um isótopo!
Escândio;Sc;21;32;21;11;Uau, você achou um isótopo!
Escândio;Sc;21;33;21;12;Uau, você achou um isótopo!
Escândio;Sc;21;34;21;13;Uau, você achou um isótopo!
Escândio;Sc;21;35;21;14;Uau, você achou um isótopo!
Escândio;Sc;21;36;21;15;Uau, você achou um isótopo!
Escândio;Sc;21;37;21;16;Uau, você achou um isótopo!
Escândio;Sc;21;38;21;17;Uau, você achou um isótopo!
Escândio;Sc;21;39;21;18;Uau, você achou um isótopo!
Escândio;Sc;21;40;21;19;Uau, você achou um isótopo!
Escândio;Sc;21;41;21;20;Uau, você achou um isótopo!
Escândio;Sc;21;42;21;21;Uau, você achou um isótopo!
Escândio;Sc;21;43;21;22;Uau, você achou um isótopo!
Escândio;Sc;21;44;21;23;Uau, você achou um isótopo!
Escândio;Sc;21;45;21;24;Uau, você achou um elemento!
Escândio;Sc;21;46;21;25;Uau, você achou um isótopo!
Escândio;Sc;21;47;21;26;Uau, você achou um isótopo!
Escândio;Sc;21;48;21;27;Uau, você achou um isótopo!
Escândio;Sc;21;49;21;28;Uau, você achou um isótopo!
Escândio;Sc;21;50;21;29;Uau, você achou um isótopo!
Escândio;Sc;21;51;21;30;Uau, você achou um isótopo!
Escândio;Sc;21;52;21;31;Uau, você achou um isótopo!
Escândio;Sc;21;53;21;32;Uau, você achou um isótopo!
Escândio;Sc;21;54;21;33;Uau, você achou um isótopo!
Escândio;Sc;21;55;21;34;Uau, você achou um isótopo!
Escândio;Sc;21;56;21;35;Uau, você achou um isótopo!
Escândio;Sc;21;57;21;36;Uau, você achou um isótopo!
Escândio;Sc;21;58;21;37;Uau, você achou um isótopo!
Escândio;Sc;21;59;21;38;Uau, você achou um isótopo!
Escândio;Sc;21;60;21;39;Uau, você achou um isótopo!
Escândio;Sc;21;61;21;40;Uau, você achou um isótopo!
Escândio;Sc;21;62;21;41;Uau, você achou um isótopo!
Escândio;Sc;21;63;21;42;Uau, você achou um isótopo!
Escândio;Sc;21;64;21;43;Uau, você achou um isótopo!
Escândio;Sc;21;65;21;44;Uau, você achou um isótopo!
Escândio;Sc;21;66;21;45;Uau, você achou um isótopo!
Escândio;Sc;21;67;21;46;Uau, você achou um isótopo!
Escândio;Sc;21;68;21;47;Uau, você achou um isótopo!
Escândio;Sc;21;69;21;48;Uau, você achou um isótopo!
Titânio;Ti;22;23;22;1;Uau, você achou um isótopo!
Titânio;Ti;22;24;22;2;Uau, você achou um isótopo!
Titânio;Ti;22;25;22;3;Uau, você achou um isótopo!
Titânio;Ti;22;26;22;4;Uau, você achou um isótopo!
Titânio;Ti;22;27;22;5;Uau, você achou um isótopo!
Titânio;Ti;22;28;22;6;Uau, você achou um isótopo!
Titânio;Ti;22;29;22;7;Uau, você achou um isótopo!
Titânio;Ti;22;30;22;8;Uau, você achou um isótopo!
Titânio;Ti;22;31;22;9;Uau, você achou um isótopo!
Titânio;Ti;22;32;22;10;Uau, você achou um isótopo!
Titânio;Ti;22;33;22;11;Uau, você achou um isótopo!
Titânio;Ti;22;34;22;12;Uau, você achou um isótopo!
Titânio;Ti;22;35;22;13;Uau, você achou um isótopo!
Titânio;Ti;22;36;22;14;Uau, você achou um isótopo!
Titânio;Ti;22;37;22;15;Uau, você achou um isótopo!
Titânio;Ti;22;38;22;16;Uau, você achou um isótopo!
Titânio;Ti;22;39;22;17;Uau, você achou um isótopo!
Titânio;Ti;22;40;22;18;Uau, você achou um isótopo!
Titânio;Ti;22;41;22;19;Uau, você achou um isótopo!
Titânio;Ti;22;42;22;20;Uau, você achou um isótopo!
Titânio;Ti;22;43;22;21;Uau, você achou um isótopo!
Titânio;Ti;22;44;22;22;Uau, você achou um isótopo!
Titânio;Ti;22;45;22;23;Uau, você achou um isótopo!
Titânio;Ti;22;46;22;24;Uau, você achou um isótopo!
Titânio;Ti;22;47;22;25;Uau, você achou um isótopo!
Titânio;Ti;22;48;22;26;Uau, você achou um elemento!
Titânio;Ti;22;49;22;27;Uau, você achou um isótopo!
Titânio;Ti;22;50;22;28;Uau, você achou um isótopo!
Titânio;Ti;22;51;22;29;Uau, você achou um isótopo!
Titânio;Ti;22;52;22;30;Uau, você achou um isótopo!
Titânio;Ti;22;53;22;31;Uau, você achou um isótopo!
Titânio;Ti;22;54;22;32;Uau, você achou um isótopo!
Titânio;Ti;22;55;22;33;Uau, você achou um isótopo!
Titânio;Ti;22;56;22;34;Uau, você achou um isótopo!
Titânio;Ti;22;57;22;35;Uau, você achou um isótopo!
Titânio;Ti;22;58;22;36;Uau, você achou um isótopo!
Titânio;Ti;22;59;22;37;Uau, você achou um isótopo!
Titânio;Ti;22;60;22;38;Uau, você achou um isótopo!
Titânio;Ti;22;61;22;39;Uau, você achou um isótopo!
Titânio;Ti;22;62;22;40;Uau, você achou um isótopo!
Titânio;Ti;22;63;22;41;Uau, você achou um isótopo!
Titânio;Ti;22;64;22;42;Uau, você achou um isótopo!
Titânio;Ti;22;65;22;43;Uau, você achou um isótopo!
Titânio;Ti;22;66;22;44;Uau, você achou um isótopo!
Titânio;Ti;22;67;22;45;Uau, você achou um isótopo!
Titânio;Ti;22;68;22;46;Uau, você achou um isótopo!
Titânio;Ti;22;69;22;47;Uau, você achou um isótopo!
Titânio;Ti;22;70;22;48;Uau, você achou um isótopo!
Vanádio;V;23;24;23;1;Uau, você achou um isótopo!
Vanádio;V;23;25;23;2;Uau, você achou um isótopo!
Vanádio;V;23;26;23;3;Uau, você achou um isótopo!
Vanádio;V;23;27;23;4;Uau, você achou um isótopo!
Vanádio;V;23;28;23;5;Uau, você achou um isótopo!
Vanádio;V;23;29;23;6;Uau, você achou um isótopo!
Vanádio;V;23;30;23;7;Uau, você achou um isótopo!
Vanádio;V;23;31;23;8;Uau, você achou um isótopo!
Vanádio;V;23;32;23;9;Uau, você achou um isótopo!
Vanádio;V;23;33;23;10;Uau, você achou um isótopo!
Vanádio;V;23;34;23;11;Uau, você achou um isótopo!
Vanádio;V;23;35;23;12;Uau, você achou um isótopo!
Vanádio;V;23;36;23;13;Uau, você achou um isótopo!
Vanádio;V;23;37;23;14;Uau, você achou um isótopo!
Vanádio;V;23;38;23;15;Uau, você achou um isótopo!
Vanádio;V;23;39;23;16;Uau, você achou um isótopo!
Vanádio;V;23;40;23;17;Uau, você achou um isótopo!
Vanádio;V;23;41;23;18;Uau, você achou um isótopo!
Vanádio;V;23;42;23;19;Uau, você achou um isótopo!
Vanádio;V;23;43;23;20;Uau, você achou um isótopo!
Vanádio;V;23;44;23;21;Uau, você achou um isótopo!
Vanádio;V;23;45;23;22;Uau, você achou um isótopo!
Vanádio;V;23;46;23;23;Uau, você achou um isótopo!
Vanádio;V;23;47;23;24;Uau, você achou um isótopo!
Vanádio;V;23;48;23;25;Uau, você achou um isótopo!
Vanádio;V;23;49;23;26;Uau, você achou um isótopo!
Vanádio;V;23;50;23;27;Uau, você achou um isótopo!
Vanádio;V;23;51;23;28;Uau, você achou um elemento!
Vanádio;V;23;52;23;29;Uau, você achou um isótopo!
Vanádio;V;23;53;23;30;Uau, você achou um isótopo!
Vanádio;V;23;54;23;31;Uau, você achou um isótopo!
Vanádio;V;23;55;23;32;Uau, você achou um isótopo!
Vanádio;V;23;56;23;33;Uau, você achou um isótopo!
Vanádio;V;23;57;23;34;Uau, você achou um isótopo!
Vanádio;V;23;58;23;35;Uau, você achou um isótopo!
Vanádio;V;23;59;23;36;Uau, você achou um isótopo!
Vanádio;V;23;60;23;37;Uau, você achou um isótopo!
Vanádio;V;23;61;23;38;Uau, você achou um isótopo!
Vanádio;V;23;62;23;39;Uau, você achou um isótopo!
Vanádio;V;23;63;23;40;Uau, você achou um isótopo!
Vanádio;V;23;64;23;41;Uau, você achou um isótopo!
Vanádio;V;23;65;23;42;Uau, você achou um isótopo!
Vanádio;V;23;66;23;43;Uau, você achou um isótopo!
Vanádio;V;23;67;23;44;Uau, você achou um isótopo!
Vanádio;V;23;68;23;45;Uau, você achou um isótopo!
Vanádio;V;23;69;23;46;Uau, você achou um isótopo!
Vanádio;V;23;70;23;47;Uau, você achou um isótopo!
Vanádio;V;23;71;23;48;Uau, você achou um isótopo!
Crômio;Cr;24;25;24;1;Uau, você achou um isótopo!
Crômio;Cr;24;26;24;2;Uau, você achou um isótopo!
Crômio;Cr;24;27;24;3;Uau, você achou um isótopo!
Crômio;Cr;24;28;24;4;Uau, você achou um isótopo!
Crômio;Cr;24;29;24;5;Uau, você achou um isótopo!
Crômio;Cr;24;30;24;6;Uau, você achou um isótopo!
Crômio;Cr;24;31;24;7;Uau, você achou um isótopo!
Crômio;Cr;24;32;24;8;Uau, você achou um isótopo!
Crômio;Cr;24;33;24;9;Uau, você achou um isótopo!
Crômio;Cr;24;34;24;10;Uau, você achou um isótopo!
Crômio;Cr;24;35;24;11;Uau, você achou um isótopo!
Crômio;Cr;24;36;24;12;Uau, você achou um isótopo!
Crômio;Cr;24;37;24;13;Uau, você achou um isótopo!
Crômio;Cr;24;38;24;14;Uau, você achou um isótopo!
Crômio;Cr;24;39;24;15;Uau, você achou um isótopo!
Crômio;Cr;24;40;24;16;Uau, você achou um isótopo!
Crômio;Cr;24;41;24;17;Uau, você achou um isótopo!
Crômio;Cr;24;42;24;18;Uau, você achou um isótopo!
Crômio;Cr;24;43;24;19;Uau, você achou um isótopo!
Crômio;Cr;24;44;24;20;Uau, você achou um isótopo!
Crômio;Cr;24;45;24;21;Uau, você achou um isótopo!
Crômio;Cr;24;46;24;22;Uau, você achou um isótopo!
Crômio;Cr;24;47;24;23;Uau, você achou um isótopo!
Crômio;Cr;24;48;24;24;Uau, você achou um isótopo!
Crômio;Cr;24;49;24;25;Uau, você achou um isótopo!
Crômio;Cr;24;50;24;26;Uau, você achou um isótopo!
Crômio;Cr;24;51;24;27;Uau, você achou um isótopo!
Crômio;Cr;24;52;24;28;Uau, você achou um elemento!
Crômio;Cr;24;53;24;29;Uau, você achou um isótopo!
Crômio;Cr;24;54;24;30;Uau, você achou um isótopo!
Crômio;Cr;24;55;24;31;Uau, você achou um isótopo!
Crômio;Cr;24;56;24;32;Uau, você achou um isótopo!
Crômio;Cr;24;57;24;33;Uau, você achou um isótopo!
Crômio;Cr;24;58;24;34;Uau, você achou um isótopo!
Crômio;Cr;24;59;24;35;Uau, você achou um isótopo!
Crômio;Cr;24;60;24;36;Uau, você achou um isótopo!
Crômio;Cr;24;61;24;37;Uau, você achou um isótopo!
Crômio;Cr;24;62;24;38;Uau, você achou um isótopo!
Crômio;Cr;24;63;24;39;Uau, você achou um isótopo!
Crômio;Cr;24;64;24;40;Uau, você achou um isótopo!
Crômio;Cr;24;65;24;41;Uau, você achou um isótopo!
Crômio;Cr;24;66;24;42;Uau, você achou um isótopo!
Crômio;Cr;24;67;24;43;Uau, você achou um isótopo!
Crômio;Cr;24;68;24;44;Uau, você achou um isótopo!
Crômio;Cr;24;69;24;45;Uau, você achou um isótopo!
Crômio;Cr;24;70;24;46;Uau, você achou um isótopo!
Crômio;Cr;24;71;24;47;Uau, você achou um isótopo!
Crômio;Cr;24;72;24;48;Uau, você achou um isótopo!
Manganês;Mn;25;26;25;1;Uau, você achou um isótopo!
Manganês;Mn;25;27;25;2;Uau, você achou um isótopo!
Manganês;Mn;25;28;25;3;Uau, você achou um isótopo!
Manganês;Mn;25;29;25;4;Uau, você achou um isótopo!
Manganês;Mn;25;30;25;5;Uau, você achou um isótopo!
Manganês;Mn;25;31;25;6;Uau, você achou um isótopo!
Manganês;Mn;25;32;25;7;Uau, você achou um isótopo!
Manganês;Mn;25;33;25;8;Uau, você achou um isótopo!
Manganês;Mn;25;34;25;9;Uau, você achou um isótopo!
Manganês;Mn;25;35;25;10;Uau, você achou um isótopo!
Manganês;Mn;25;36;25;11;Uau, você achou um isótopo!
Manganês;Mn;25;37;25;12;Uau, você achou um isótopo!
Manganês;Mn;25;38;25;13;Uau, você achou um isótopo!
Manganês;Mn;25;39;25;14;Uau, você achou um isótopo!
Manganês;Mn;25;40;25;15;Uau, você achou um isótopo!
Manganês;Mn;25;41;25;16;Uau, você achou um isótopo!
Manganês;Mn;25;42;25;17;Uau, você achou um isótopo!
Manganês;Mn;25;43;25;18;Uau, você achou um isótopo!
Manganês;Mn;25;44;25;19;Uau, você achou um isótopo!
Manganês;Mn;25;45;25;20;Uau, você achou um isótopo!
Manganês;Mn;25;46;25;21;Uau, você achou um isótopo!
Manganês;Mn;25;47;25;22;Uau, você achou um isótopo!
Manganês;Mn;25;48;25;23;Uau, você achou um isótopo!
Manganês;Mn;25;49;25;24;Uau, você achou um isótopo!
Manganês;Mn;25;50;25;25;Uau, você achou um isótopo!
Manganês;Mn;25;51;25;26;Uau, você achou um isótopo!
Manganês;Mn;25;52;25;27;Uau, você achou um isótopo!
Manganês;Mn;25;53;25;28;Uau, você achou um isótopo!
Manganês;Mn;25;54;25;29;Uau, você achou um isótopo!
Manganês;Mn;25;55;25;30;Uau, você achou um elemento!
Manganês;Mn;25;56;25;31;Uau, você achou um isótopo!
Manganês;Mn;25;57;25;32;Uau, você achou um isótopo!
Manganês;Mn;25;58;25;33;Uau, você achou um isótopo!
Manganês;Mn;25;59;25;34;Uau, você achou um isótopo!
Manganês;Mn;25;60;25;35;Uau, você achou um isótopo!
Manganês;Mn;25;61;25;36;Uau, você achou um isótopo!
Manganês;Mn;25;62;25;37;Uau, você achou um isótopo!
Manganês;Mn;25;63;25;38;Uau, você achou um isótopo!
Manganês;Mn;25;64;25;39;Uau, você achou um isótopo!
Manganês;Mn;25;65;25;40;Uau, você achou um isótopo!
Manganês;Mn;25;66;25;41;Uau, você achou um isótopo!
Manganês;Mn;25;67;25;42;Uau, você achou um isótopo!
Manganês;Mn;25;68;25;43;Uau, você achou um isótopo!
Manganês;Mn;25;69;25;44;Uau, você achou um isótopo!
Manganês;Mn;25;70;25;45;Uau, você achou um isótopo!
Manganês;Mn;25;71;25;46;Uau, você achou um isótopo!
Manganês;Mn;25;72;25;47;Uau, você achou um isótopo!
Manganês;Mn;25;73;25;48;Uau, você achou um isótopo!
Ferro;Fe;26;27;26;1;Uau, você achou um isótopo!
Ferro;Fe;26;28;26;2;Uau, você achou um isótopo!
Ferro;Fe;26;29;26;3;Uau, você achou um isótopo!
Ferro;Fe;26;30;26;4;Uau, você achou um isótopo!
Ferro;Fe;26;31;26;5;Uau, você achou um isótopo!
Ferro;Fe;26;32;26;6;Uau, você achou um isótopo!
Ferro;Fe;26;33;26;7;Uau, você achou um isótopo!
Ferro;Fe;26;34;26;8;Uau, você achou um isótopo!
Ferro;Fe;26;35;26;9;Uau, você achou um isótopo!
Ferro;Fe;26;36;26;10;Uau, você achou um isótopo!
Ferro;Fe;26;37;26;11;Uau, você achou um isótopo!
Ferro;Fe;26;38;26;12;Uau, você achou um isótopo!
Ferro;Fe;26;39;26;13;Uau, você achou um isótopo!
Ferro;Fe;26;40;26;14;Uau, você achou um isótopo!
Ferro;Fe;26;41;26;15;Uau, você achou um isótopo!
Ferro;Fe;26;42;26;16;Uau, você achou um isótopo!
Ferro;Fe;26;43;26;17;Uau, você achou um isótopo!
Ferro;Fe;26;44;26;18;Uau, você achou um isótopo!
Ferro;Fe;26;45;26;19;Uau, você achou um isótopo!
Ferro;Fe;26;46;26;20;Uau, você achou um isótopo!
Ferro;Fe;26;47;26;21;Uau, você achou um isótopo!
Ferro;Fe;26;48;26;22;Uau, você achou um isótopo!
Ferro;Fe;26;49;26;23;Uau, você achou um isótopo!
Ferro;Fe;26;50;26;24;Uau, você achou um isótopo!
Ferro;Fe;26;51;26;25;Uau, você achou um isótopo!
Ferro;Fe;26;52;26;26;Uau, você achou um isótopo!
Ferro;Fe;26;53;26;27;Uau, você achou um isótopo!
Ferro;Fe;26;54;26;28;Uau, você achou um isótopo!
Ferro;Fe;26;55;26;29;Uau, você achou um isótopo!
Ferro;Fe;26;56;26;30;Uau, você achou um elemento!
Ferro;Fe;26;57;26;31;Uau, você achou um isótopo!
Ferro;Fe;26;58;26;32;Uau, você achou um isótopo!
Ferro;Fe;26;59;26;33;Uau, você achou um isótopo!
Ferro;Fe;26;60;26;34;Uau, você achou um isótopo!
Ferro;Fe;26;61;26;35;Uau, você achou um isótopo!
Ferro;Fe;26;62;26;36;Uau, você achou um isótopo!
Ferro;Fe;26;63;26;37;Uau, você achou um isótopo!
Ferro;Fe;26;64;26;38;Uau, você achou um isótopo!
Ferro;Fe;26;65;26;39;Uau, você achou um isótopo!
Ferro;Fe;26;66;26;40;Uau, você achou um isótopo!
Ferro;Fe;26;67;26;41;Uau, você achou um isótopo!
Ferro;Fe;26;68;26;42;Uau, você achou um isótopo!
Ferro;Fe;26;69;26;43;Uau, você achou um isótopo!
Ferro;Fe;26;70;26;44;Uau, você achou um isótopo!
Ferro;Fe;26;71;26;45;Uau, você achou um isótopo!
Ferro;Fe;26;72;26;46;Uau, você achou um isótopo!
Ferro;Fe;26;73;26;47;Uau, você achou um isótopo!
Ferro;Fe;26;74;26;48;Uau, você achou um isótopo!
Cobalto;Co;27;28;27;1;Uau, você achou um isótopo!
Cobalto;Co;27;29;27;2;Uau, você achou um isótopo!
Cobalto;Co;27;30;27;3;Uau, você achou um isótopo!
Cobalto;Co;27;31;27;4;Uau, você achou um isótopo!
Cobalto;Co;27;32;27;5;Uau, você achou um isótopo!
Cobalto;Co;27;33;27;6;Uau, você achou um isótopo!
Cobalto;Co;27;34;27;7;Uau, você achou um isótopo!
Cobalto;Co;27;35;27;8;Uau, você achou um isótopo!
Cobalto;Co;27;36;27;9;Uau, você achou um isótopo!
Cobalto;Co;27;37;27;10;Uau, você achou um isótopo!
Cobalto;Co;27;38;27;11;Uau, você achou um isótopo!
Cobalto;Co;27;39;27;12;Uau, você achou um isótopo!
Cobalto;Co;27;40;27;13;Uau, você achou um isótopo!
Cobalto;Co;27;41;27;14;Uau, você achou um isótopo!
Cobalto;Co;27;42;27;15;Uau, você achou um isótopo!
Cobalto;Co;27;43;27;16;Uau, você achou um isótopo!
Cobalto;Co;27;44;27;17;Uau, você achou um isótopo!
Cobalto;Co;27;45;27;18;Uau, você achou um isótopo!
Cobalto;Co;27;46;27;19;Uau, você achou um isótopo!
Cobalto;Co;27;47;27;20;Uau, você achou um isótopo!
Cobalto;Co;27;48;27;21;Uau, você achou um isótopo!
Cobalto;Co;27;49;27;22;Uau, você achou um isótopo!
Cobalto;Co;27;50;27;23;Uau, você achou um isótopo!
Cobalto;Co;27;51;27;24;Uau, você achou um isótopo!
Cobalto;Co;27;52;27;25;Uau, você achou um isótopo!
Cobalto;Co;27;53;27;26;Uau, você achou um isótopo!
Cobalto;Co;27;54;27;27;Uau, você achou um isótopo!
Cobalto;Co;27;55;27;28;Uau, você achou um isótopo!
Cobalto;Co;27;56;27;29;Uau, você achou um isótopo!
Cobalto;Co;27;57;27;30;Uau, você achou um isótopo!
Cobalto;Co;27;58;27;31;Uau, você achou um isótopo!
Cobalto;Co;27;59;27;32;Uau, você achou um elemento!
Cobalto;Co;27;60;27;33;Uau, você achou um isótopo!
Cobalto;Co;27;61;27;34;Uau, você achou um isótopo!
Cobalto;Co;27;62;27;35;Uau, você achou um isótopo!
Cobalto;Co;27;63;27;36;Uau, você achou um isótopo!
Cobalto;Co;27;64;27;37;Uau, você achou um isótopo!
Cobalto;Co;27;65;27;38;Uau, você achou um isótopo!
Cobalto;Co;27;66;27;39;Uau, você achou um isótopo!
Cobalto;Co;27;67;27;40;Uau, você achou um isótopo!
Cobalto;Co;27;68;27;41;Uau, você achou um isótopo!
Cobalto;Co;27;69;27;42;Uau, você achou um isótopo!
Cobalto;Co;27;70;27;43;Uau, você achou um isótopo!
Cobalto;Co;27;71;27;44;Uau, você achou um isótopo!
Cobalto;Co;27;72;27;45;Uau, você achou um isótopo!
Cobalto;Co;27;73;27;46;Uau, você achou um isótopo!
Cobalto;Co;27;74;27;47;Uau, você achou um isótopo!
Cobalto;Co;27;75;27;48;Uau, você achou um isótopo!
Níquel;Ni;28;29;28;1;Uau, você achou um isótopo!
Níquel;Ni;28;30;28;2;Uau, você achou um isótopo!
Níquel;Ni;28;31;28;3;Uau, você achou um isótopo!
Níquel;Ni;28;32;28;4;Uau, você achou um isótopo!
Níquel;Ni;28;33;28;5;Uau, você achou um isótopo!
Níquel;Ni;28;34;28;6;Uau, você achou um isótopo!
Níquel;Ni;28;35;28;7;Uau, você achou um isótopo!
Níquel;Ni;28;36;28;8;Uau, você achou um isótopo!
Níquel;Ni;28;37;28;9;Uau, você achou um isótopo!
Níquel;Ni;28;38;28;10;Uau, você achou um isótopo!
Níquel;Ni;28;39;28;11;Uau, você achou um isótopo!
Níquel;Ni;28;40;28;12;Uau, você achou um isótopo!
Níquel;Ni;28;41;28;13;Uau, você achou um isótopo!
Níquel;Ni;28;42;28;14;Uau, você achou um isótopo!
Níquel;Ni;28;43;28;15;Uau, você achou um isótopo!
Níquel;Ni;28;44;28;16;Uau, você achou um isótopo!
Níquel;Ni;28;45;28;17;Uau, você achou um isótopo!
Níquel;Ni;28;46;28;18;Uau, você achou um isótopo!
Níquel;Ni;28;47;28;19;Uau, você achou um isótopo!
Níquel;Ni;28;48;28;20;Uau, você achou um isótopo!
Níquel;Ni;28;49;28;21;Uau, você achou um isótopo!
Níquel;Ni;28;50;28;22;Uau, você achou um isótopo!
Níquel;Ni;28;51;28;23;Uau, você achou um isótopo!
Níquel;Ni;28;52;28;24;Uau, você achou um isótopo!
Níquel;Ni;28;53;28;25;Uau, você achou um isótopo!
Níquel;Ni;28;54;28;26;Uau, você achou um isótopo!
Níquel;Ni;28;55;28;27;Uau, você achou um isótopo!
Níquel;Ni;28;56;28;28;Uau, você achou um isótopo!
Níquel;Ni;28;57;28;29;Uau, você achou um isótopo!
Níquel;Ni;28;58;28;30;Uau, você achou um elemento!
Níquel;Ni;28;59;28;31;Uau, você achou um isótopo!
Níquel;Ni;28;60;28;32;Uau, você achou um isótopo!
Níquel;Ni;28;61;28;33;Uau, você achou um isótopo!
Níquel;Ni;28;62;28;34;Uau, você achou um isótopo!
Níquel;Ni;28;63;28;35;Uau, você achou um isótopo!
Níquel;Ni;28;64;28;36;Uau, você achou um isótopo!
Níquel;Ni;28;65;28;37;Uau, você achou um isótopo!
Níquel;Ni;28;66;28;38;Uau, você achou um isótopo!
Níquel;Ni;28;67;28;39;Uau, você achou um isótopo!
Níquel;Ni;28;68;28;40;Uau, você achou um isótopo!
Níquel;Ni;28;69;28;41;Uau, você achou um isótopo!
Níquel;Ni;28;70;28;42;Uau, você achou um isótopo!
Níquel;Ni;28;71;28;43;Uau, você achou um isótopo!
Níquel;Ni;28;72;28;44;Uau, você achou um isótopo!
Níquel;Ni;28;73;28;45;Uau, você achou um isótopo!
Níquel;Ni;28;74;28;46;Uau, você achou um isótopo!
Níquel;Ni;28;75;28;47;Uau, você achou um isótopo!
Níquel;Ni;28;76;28;48;Uau, você achou um isótopo!
Cobre;Cu;29;30;29;1;Uau, você achou um isótopo!
Cobre;Cu;29;31;29;2;Uau, você achou um isótopo!
Cobre;Cu;29;32;29;3;Uau, você achou um isótopo!
Cobre;Cu;29;33;29;4;Uau, você achou um isótopo!
Cobre;Cu;29;34;29;5;Uau, você achou um isótopo!
Cobre;Cu;29;35;29;6;Uau, você achou um isótopo!
Cobre;Cu;29;36;29;7;Uau, você achou um isótopo!
Cobre;Cu;29;37;29;8;Uau, você achou um isótopo!
Cobre;Cu;29;38;29;9;Uau, você achou um isótopo!
Cobre;Cu;29;39;29;10;Uau, você achou um isótopo!
Cobre;Cu;29;40;29;11;Uau, você achou um isótopo!
Cobre;Cu;29;41;29;12;Uau, você achou um isótopo!
Cobre;Cu;29;42;29;13;Uau, você achou um isótopo!
Cobre;Cu;29;43;29;14;Uau, você achou um isótopo!
Cobre;Cu;29;44;29;15;Uau, você achou um isótopo!
Cobre;Cu;29;45;29;16;Uau, você achou um isótopo!
Cobre;Cu;29;46;29;17;Uau, você achou um isótopo!
Cobre;Cu;29;47;29;18;Uau, você achou um isótopo!
Cobre;Cu;29;48;29;19;Uau, você achou um isótopo!
Cobre;Cu;29;49;29;20;Uau, você achou um isótopo!
Cobre;Cu;29;50;29;21;Uau, você achou um isótopo!
Cobre;Cu;29;51;29;22;Uau, você achou um isótopo!
Cobre;Cu;29;52;29;23;Uau, você achou um isótopo!
Cobre;Cu;29;53;29;24;Uau, você achou um isótopo!
Cobre;Cu;29;54;29;25;Uau, você achou um isótopo!
Cobre;Cu;29;55;29;26;Uau, você achou um isótopo!
Cobre;Cu;29;56;29;27;Uau, você achou um isótopo!
Cobre;Cu;29;57;29;28;Uau, você achou um isótopo!
Cobre;Cu;29;58;29;29;Uau, você achou um isótopo!
Cobre;Cu;29;59;29;30;Uau, você achou um isótopo!
Cobre;Cu;29;60;29;31;Uau, você achou um isótopo!
Cobre;Cu;29;61;29;32;Uau, você achou um isótopo!
Cobre;Cu;29;62;29;33;Uau, você achou um isótopo!
Cobre;Cu;29;63;29;34;Uau, você achou um elemento!
Cobre;Cu;29;64;29;35;Uau, você achou um isótopo!
Cobre;Cu;29;65;29;36;Uau, você achou um isótopo!
Cobre;Cu;29;66;29;37;Uau, você achou um isótopo!
Cobre;Cu;29;67;29;38;Uau, você achou um isótopo!
Cobre;Cu;29;68;29;39;Uau, você achou um isótopo!
Cobre;Cu;29;69;29;40;Uau, você achou um isótopo!
Cobre;Cu;29;70;29;41;Uau, você achou um isótopo!
Cobre;Cu;29;71;29;42;Uau, você achou um isótopo!
Cobre;Cu;29;72;29;43;Uau, você achou um isótopo!
Cobre;Cu;29;73;29;44;Uau, você achou um isótopo!
Cobre;Cu;29;74;29;45;Uau, você achou um isótopo!
Cobre;Cu;29;75;29;46;Uau, você achou um isótopo!
Cobre;Cu;29;76;29;47;Uau, você achou um isótopo!
Cobre;Cu;29;77;29;48;Uau, você achou um isótopo!
Zinco;Zn;30;31;30;1;Uau, você achou um isótopo!
Zinco;Zn;30;32;30;2;Uau, você achou um isótopo!
Zinco;Zn;30;33;30;3;Uau, você achou um isótopo!
Zinco;Zn;30;34;30;4;Uau, você achou um isótopo!
Zinco;Zn;30;35;30;5;Uau, você achou um isótopo!
Zinco;Zn;30;36;30;6;Uau, você achou um isótopo!
Zinco;Zn;30;37;30;7;Uau, você achou um isótopo!
Zinco;Zn;30;38;30;8;Uau, você achou um isótopo!
Zinco;Zn;30;39;30;9;Uau, você achou um isótopo!
Zinco;Zn;30;40;30;10;Uau, você achou um isótopo!
Zinco;Zn;30;41;30;11;Uau, você achou um isótopo!
Zinco;Zn;30;42;30;12;Uau, você achou um isótopo!
Zinco;Zn;30;43;30;13;Uau, você achou um isótopo!
Zinco;Zn;30;44;30;14;Uau, você achou um isótopo!
Zinco;Zn;30;45;30;15;Uau, você achou um isótopo!
Zinco;Zn;30;46;30;16;Uau, você achou um isótopo!
Zinco;Zn;30;47;30;17;Uau, você achou um isótopo!
Zinco;Zn;30;48;30;18;Uau, você achou um isótopo!
Zinco;Zn;30;49;30;19;Uau, você achou um isótopo!
Zinco;Zn;30;50;30;20;Uau, você achou um isótopo!
Zinco;Zn;30;51;30;21;Uau, você achou um isótopo!
Zinco;Zn;30;52;30;22;Uau, você achou um isótopo!
Zinco;Zn;30;53;30;23;Uau, você achou um isótopo!
Zinco;Zn;30;54;30;24;Uau, você achou um isótopo!
Zinco;Zn;30;55;30;25;Uau, você achou um isótopo!
Zinco;Zn;30;56;30;26;Uau, você achou um isótopo!
Zinco;Zn;30;57;30;27;Uau, você achou um isótopo!
Zinco;Zn;30;58;30;28;Uau, você achou um isótopo!
Zinco;Zn;30;59;30;29;Uau, você achou um isótopo!
Zinco;Zn;30;60;30;30;Uau, você achou um isótopo!
Zinco;Zn;30;61;30;31;Uau, você achou um isótopo!
Zinco;Zn;30;62;30;32;Uau, você achou um isótopo!
Zinco;Zn;30;63;30;33;Uau, você achou um isótopo!
Zinco;Zn;30;64;30;34;Uau, você achou um elemento!
Zinco;Zn;30;65;30;35;Uau, você achou um isótopo!
Zinco;Zn;30;66;30;36;Uau, você achou um isótopo!
Zinco;Zn;30;67;30;37;Uau, você achou um isótopo!
Zinco;Zn;30;68;30;38;Uau, você achou um isótopo!
Zinco;Zn;30;69;30;39;Uau, você achou um isótopo!
Zinco;Zn;30;70;30;40;Uau, você achou um isótopo!
Zinco;Zn;30;71;30;41;Uau, você achou um isótopo!
Zinco;Zn;30;72;30;42;Uau, você achou um isótopo!
Zinco;Zn;30;73;30;43;Uau, você achou um isótopo!
Zinco;Zn;30;74;30;44;Uau, você achou um isótopo!
Zinco;Zn;30;75;30;45;Uau, você achou um isótopo!
Zinco;Zn;30;76;30;46;Uau, você achou um isótopo!
Zinco;Zn;30;77;30;47;Uau, você achou um isótopo!
Zinco;Zn;30;78;30;48;Uau, você achou um isótopo!
Gálio;Ga;31;32;31;1;Uau, você achou um isótopo!
Gálio;Ga;31;33;31;2;Uau, você achou um isótopo!
Gálio;Ga;31;34;31;3;Uau, você achou um isótopo!
Gálio;Ga;31;35;31;4;Uau, você achou um isótopo!
Gálio;Ga;31;36;31;5;Uau, você achou um isótopo!
Gálio;Ga;31;37;31;6;Uau, você achou um isótopo!
Gálio;Ga;31;38;31;7;Uau, você achou um isótopo!
Gálio;Ga;31;39;31;8;Uau, você achou um isótopo!
Gálio;Ga;31;40;31;9;Uau, você achou um isótopo!
Gálio;Ga;31;41;31;10;Uau, você achou um isótopo!
Gálio;Ga;31;42;31;11;Uau, você achou um isótopo!
Gálio;Ga;31;43;31;12;Uau, você achou um isótopo!
Gálio;Ga;31;44;31;13;Uau, você achou um isótopo!
Gálio;Ga;31;45;31;14;Uau, você achou um isótopo!
Gálio;Ga;31;46;31;15;Uau, você achou um isótopo!
Gálio;Ga;31;47;31;16;Uau, você achou um isótopo!
Gálio;Ga;31;48;31;17;Uau, você achou um isótopo!
Gálio;Ga;31;49;31;18;Uau, você achou um isótopo!
Gálio;Ga;31;50;31;19;Uau, você achou um isótopo!
Gálio;Ga;31;51;31;20;Uau, você achou um isótopo!
Gálio;Ga;31;52;31;21;Uau, você achou um isótopo!
Gálio;Ga;31;53;31;22;Uau, você achou um isótopo!
Gálio;Ga;31;54;31;23;Uau, você achou um isótopo!
Gálio;Ga;31;55;31;24;Uau, você achou um isótopo!
Gálio;Ga;31;56;31;25;Uau, você achou um isótopo!
Gálio;Ga;31;57;31;26;Uau, você achou um isótopo!
Gálio;Ga;31;58;31;27;Uau, você achou um isótopo!
Gálio;Ga;31;59;31;28;Uau, você achou um isótopo!
Gálio;Ga;31;60;31;29;Uau, você achou um isótopo!
Gálio;Ga;31;61;31;30;Uau, você achou um isótopo!
Gálio;Ga;31;62;31;31;Uau, você achou um isótopo!
Gálio;Ga;31;63;31;32;Uau, você achou um isótopo!
Gálio;Ga;31;64;31;33;Uau, você achou um isótopo!
Gálio;Ga;31;65;31;34;Uau, você achou um isótopo!
Gálio;Ga;31;66;31;35;Uau, você achou um isótopo!
Gálio;Ga;31;67;31;36;Uau, você achou um isótopo!
Gálio;Ga;31;68;31;37;Uau, você achou um isótopo!
Gálio;Ga;31;69;31;38;Uau, você achou um elemento!
Gálio;Ga;31;70;31;39;Uau, você achou um isótopo!
Gálio;Ga;31;71;31;40;Uau, você achou um isótopo!
Gálio;Ga;31;72;31;41;Uau, você achou um isótopo!
Gálio;Ga;31;73;31;42;Uau, você achou um isótopo!
Gálio;Ga;31;74;31;43;Uau, você achou um isótopo!
Gálio;Ga;31;75;31;44;Uau, você achou um isótopo!
Gálio;Ga;31;76;31;45;Uau, você achou um isótopo!
Gálio;Ga;31;77;31;46;Uau, você achou um isótopo!
Gálio;Ga;31;78;31;47;Uau, você achou um isótopo!
Gálio;Ga;31;79;31;48;Uau, você achou um isótopo!
Germânio;Ge;32;33;32;1;Uau, você achou um isótopo!
Germânio;Ge;32;34;32;2;Uau, você achou um isótopo!
Germânio;Ge;32;35;32;3;Uau, você achou um isótopo!
Germânio;Ge;32;36;32;4;Uau, você achou um isótopo!
Germânio;Ge;32;37;32;5;Uau, você achou um isótopo!
Germânio;Ge;32;38;32;6;Uau, você achou um isótopo!
Germânio;Ge;32;39;32;7;Uau, você achou um isótopo!
Germânio;Ge;32;40;32;8;Uau, você achou um isótopo!
Germânio;Ge;32;41;32;9;Uau, você achou um isótopo!
Germânio;Ge;32;42;32;10;Uau, você achou um isótopo!
Germânio;Ge;32;43;32;11;Uau, você achou um isótopo!
Germânio;Ge;32;44;32;12;Uau, você achou um isótopo!
Germânio;Ge;32;45;32;13;Uau, você achou um isótopo!
Germânio;Ge;32;46;32;14;Uau, você achou um isótopo!
Germânio;Ge;32;47;32;15;Uau, você achou um isótopo!
Germânio;Ge;32;48;32;16;Uau, você achou um isótopo!
Germânio;Ge;32;49;32;17;Uau, você achou um isótopo!
Germânio;Ge;32;50;32;18;Uau, você achou um isótopo!
Germânio;Ge;32;51;32;19;Uau, você achou um isótopo!
Germânio;Ge;32;52;32;20;Uau, você achou um isótopo!
Germânio;Ge;32;53;32;21;Uau, você achou um isótopo!
Germânio;Ge;32;54;32;22;Uau, você achou um isótopo!
Germânio;Ge;32;55;32;23;Uau, você achou um isótopo!
Germânio;Ge;32;56;32;24;Uau, você achou um isótopo!
Germânio;Ge;32;57;32;25;Uau, você achou um isótopo!
Germânio;Ge;32;58;32;26;Uau, você achou um isótopo!
Germânio;Ge;32;59;32;27;Uau, você achou um isótopo!
Germânio;Ge;32;60;32;28;Uau, você achou um isótopo!
Germânio;Ge;32;61;32;29;Uau, você achou um isótopo!
Germânio;Ge;32;62;32;30;Uau, você achou um isótopo!
Germânio;Ge;32;63;32;31;Uau, você achou um isótopo!
Germânio;Ge;32;64;32;32;Uau, você achou um isótopo!
Germânio;Ge;32;65;32;33;Uau, você achou um isótopo!
Germânio;Ge;32;66;32;34;Uau, você achou um isótopo!
Germânio;Ge;32;67;32;35;Uau, você achou um isótopo!
Germânio;Ge;32;68;32;36;Uau, você achou um isótopo!
Germânio;Ge;32;69;32;37;Uau, você achou um isótopo!
Germânio;Ge;32;70;32;38;Uau, você achou um isótopo!
Germânio;Ge;32;71;32;39;Uau, você achou um isótopo!
Germânio;Ge;32;72;32;40;Uau, você achou um isótopo!
Germânio;Ge;32;73;32;41;Uau, você achou um isótopo!
Germânio;Ge;32;74;32;42;Uau, você achou um elemento!
Germânio;Ge;32;75;32;43;Uau, você achou um isótopo!
Germânio;Ge;32;76;32;44;Uau, você achou um isótopo!
Germânio;Ge;32;77;32;45;Uau, você achou um isótopo!
Germânio;Ge;32;78;32;46;Uau, você achou um isótopo!
Germânio;Ge;32;79;32;47;Uau, você achou um isótopo!
Germânio;Ge;32;80;32;48;Uau, você achou um isótopo!
Arsênio;As;33;34;33;1;Uau, você achou um isótopo!
Arsênio;As;33;35;33;2;Uau, você achou um isótopo!
Arsênio;As;33;36;33;3;Uau, você achou um isótopo!
Arsênio;As;33;37;33;4;Uau, você achou um isótopo!
Arsênio;As;33;38;33;5;Uau, você achou um isótopo!
Arsênio;As;33;39;33;6;Uau, você achou um isótopo!
Arsênio;As;33;40;33;7;Uau, você achou um isótopo!
Arsênio;As;33;41;33;8;Uau, você achou um isótopo!
Arsênio;As;33;42;33;9;Uau, você achou um isótopo!
Arsênio;As;33;43;33;10;Uau, você achou um isótopo!
Arsênio;As;33;44;33;11;Uau, você achou um isótopo!
Arsênio;As;33;45;33;12;Uau, você achou um isótopo!
Arsênio;As;33;46;33;13;Uau, você achou um isótopo!
Arsênio;As;33;47;33;14;Uau, você achou um isótopo!
Arsênio;As;33;48;33;15;Uau, você achou um isótopo!
Arsênio;As;33;49;33;16;Uau, você achou um isótopo!
Arsênio;As;33;50;33;17;Uau, você achou um isótopo!
Arsênio;As;33;51;33;18;Uau, você achou um isótopo!
Arsênio;As;33;52;33;19;Uau, você achou um isótopo!
Arsênio;As;33;53;33;20;Uau, você achou um isótopo!
Arsênio;As;33;54;33;21;Uau, você achou um isótopo!
Arsênio;As;33;55;33;22;Uau, você achou um isótopo!
Arsênio;As;33;56;33;23;Uau, você achou um isótopo!
Arsênio;As;33;57;33;24;Uau, você achou um isótopo!
Arsênio;As;33;58;33;25;Uau, você achou um isótopo!
Arsênio;As;33;59;33;26;Uau, você achou um isótopo!
Arsênio;As;33;60;33;27;Uau, você achou um isótopo!
Arsênio;As;33;61;33;28;Uau, você achou um isótopo!
Arsênio;As;33;62;33;29;Uau, você achou um isótopo!
Arsênio;As;33;63;33;30;Uau, você achou um isótopo!
Arsênio;As;33;64;33;31;Uau, você achou um isótopo!
Arsênio;As;33;65;33;32;Uau, você achou um isótopo!
Arsênio;As;33;66;33;33;Uau, você achou um isótopo!
Arsênio;As;33;67;33;34;Uau, você achou um isótopo!
Arsênio;As;33;68;33;35;Uau, você achou um isótopo!
Arsênio;As;33;69;33;36;Uau, você achou um isótopo!
Arsênio;As;33;70;33;37;Uau, você achou um isótopo!
Arsênio;As;33;71;33;38;Uau, você achou um isótopo!
Arsênio;As;33;72;33;39;Uau, você achou um isótopo!
Arsênio;As;33;73;33;40;Uau, você achou um isótopo!
Arsênio;As;33;74;33;41;Uau, você achou um isótopo!
Arsênio;As;33;75;33;42;Uau, você achou um elemento!
Arsênio;As;33;76;33;43;Uau, você achou um isótopo!
Arsênio;As;33;77;33;44;Uau, você achou um isótopo!
Arsênio;As;33;78;33;45;Uau, você achou um isótopo!
Arsênio;As;33;79;33;46;Uau, você achou um isótopo!
Arsênio;As;33;80;33;47;Uau, você achou um isótopo!
Arsênio;As;33;81;33;48;Uau, você achou um isótopo!
Selênio;Se;34;35;34;1;Uau, você achou um isótopo!
Selênio;Se;34;36;34;2;Uau, você achou um isótopo!
Selênio;Se;34;37;34;3;Uau, você achou um isótopo!
Selênio;Se;34;38;34;4;Uau, você achou um isótopo!
Selênio;Se;34;39;34;5;Uau, você achou um isótopo!
Selênio;Se;34;40;34;6;Uau, você achou um isótopo!
Selênio;Se;34;41;34;7;Uau, você achou um isótopo!
Selênio;Se;34;42;34;8;Uau, você achou um isótopo!
Selênio;Se;34;43;34;9;Uau, você achou um isótopo!
Selênio;Se;34;44;34;10;Uau, você achou um isótopo!
Selênio;Se;34;45;34;11;Uau, você achou um isótopo!
Selênio;Se;34;46;34;12;Uau, você achou um isótopo!
Selênio;Se;34;47;34;13;Uau, você achou um isótopo!
Selênio;Se;34;48;34;14;Uau, você achou um isótopo!
Selênio;Se;34;49;34;15;Uau, você achou um isótopo!
Selênio;Se;34;50;34;16;Uau, você achou um isótopo!
Selênio;Se;34;51;34;17;Uau, você achou um isótopo!
Selênio;Se;34;52;34;18;Uau, você achou um isótopo!
Selênio;Se;34;53;34;19;Uau, você achou um isótopo!
Selênio;Se;34;54;34;20;Uau, você achou um isótopo!
Selênio;Se;34;55;34;21;Uau, você achou um isótopo!
Selênio;Se;34;56;34;22;Uau, você achou um isótopo!
Selênio;Se;34;57;34;23;Uau, você achou um isótopo!
Selênio;Se;34;58;34;24;Uau, você achou um isótopo!
Selênio;Se;34;59;34;25;Uau, você achou um isótopo!
Selênio;Se;34;60;34;26;Uau, você achou um isótopo!
Selênio;Se;34;61;34;27;Uau, você achou um isótopo!
Selênio;Se;34;62;34;28;Uau, você achou um isótopo!
Selênio;Se;34;63;34;29;Uau, você achou um isótopo!
Selênio;Se;34;64;34;30;Uau, você achou um isótopo!
Selênio;Se;34;65;34;31;Uau, você achou um isótopo!
Selênio;Se;34;66;34;32;Uau, você achou um isótopo!
Selênio;Se;34;67;34;33;Uau, você achou um isótopo!
Selênio;Se;34;68;34;34;Uau, você achou um isótopo!
Selênio;Se;34;69;34;35;Uau, você achou um isótopo!
Selênio;Se;34;70;34;36;Uau, você achou um isótopo!
Selênio;Se;34;71;34;37;Uau, você achou um isótopo!
Selênio;Se;34;72;34;38;Uau, você achou um isótopo!
Selênio;Se;34;73;34;39;Uau, você achou um isótopo!
Selênio;Se;34;74;34;40;Uau, você achou um isótopo!
Selênio;Se;34;75;34;41;Uau, você achou um isótopo!
Selênio;Se;34;76;34;42;Uau, você achou um isótopo!
Selênio;Se;34;77;34;43;Uau, você achou um isótopo!
Selênio;Se;34;78;34;44;Uau, você achou um isótopo!
Selênio;Se;34;79;34;45;Uau, você achou um isótopo!
Selênio;Se;34;80;34;46;Uau, você achou um elemento!
Selênio;Se;34;81;34;47;Uau, você achou um isótopo!
Selênio;Se;34;82;34;48;Uau, você achou um isótopo!
Bromo;Br;35;36;35;1;Uau, você achou um isótopo!
Bromo;Br;35;37;35;2;Uau, você achou um isótopo!
Bromo;Br;35;38;35;3;Uau, você achou um isótopo!
Bromo;Br;35;39;35;4;Uau, você achou um isótopo!
Bromo;Br;35;40;35;5;Uau, você achou um isótopo!
Bromo;Br;35;41;35;6;Uau, você achou um isótopo!
Bromo;Br;35;42;35;7;Uau, você achou um isótopo!
Bromo;Br;35;43;35;8;Uau, você achou um isótopo!
Bromo;Br;35;44;35;9;Uau, você achou um isótopo!
Bromo;Br;35;45;35;10;Uau, você achou um isótopo!
Bromo;Br;35;46;35;11;Uau, você achou um isótopo!
Bromo;Br;35;47;35;12;Uau, você achou um isótopo!
Bromo;Br;35;48;35;13;Uau, você achou um isótopo!
Bromo;Br;35;49;35;14;Uau, você achou um isótopo!
Bromo;Br;35;50;35;15;Uau, você achou um isótopo!
Bromo;Br;35;51;35;16;Uau, você achou um isótopo!
Bromo;Br;35;52;35;17;Uau, você achou um isótopo!
Bromo;Br;35;53;35;18;Uau, você achou um isótopo!
Bromo;Br;35;54;35;19;Uau, você achou um isótopo!
Bromo;Br;35;55;35;20;Uau, você achou um isótopo!
Bromo;Br;35;56;35;21;Uau, você achou um isótopo!
Bromo;Br;35;57;35;22;Uau, você achou um isótopo!
Bromo;Br;35;58;35;23;Uau, você achou um isótopo!
Bromo;Br;35;59;35;24;Uau, você achou um isótopo!
Bromo;Br;35;60;35;25;Uau, você achou um isótopo!
Bromo;Br;35;61;35;26;Uau, você achou um isótopo!
Bromo;Br;35;62;35;27;Uau, você achou um isótopo!
Bromo;Br;35;63;35;28;Uau, você achou um isótopo!
Bromo;Br;35;64;35;29;Uau, você achou um isótopo!
Bromo;Br;35;65;35;30;Uau, você achou um isótopo!
Bromo;Br;35;66;35;31;Uau, você achou um isótopo!
Bromo;Br;35;67;35;32;Uau, você achou um isótopo!
Bromo;Br;35;68;35;33;Uau, você achou um isótopo!
Bromo;Br;35;69;35;34;Uau, você achou um isótopo!
Bromo;Br;35;70;35;35;Uau, você achou um isótopo!
Bromo;Br;35;71;35;36;Uau, você achou um isótopo!
Bromo;Br;35;72;35;37;Uau, você achou um isótopo!
Bromo;Br;35;73;35;38;Uau, você achou um isótopo!
Bromo;Br;35;74;35;39;Uau, você achou um isótopo!
Bromo;Br;35;75;35;40;Uau, você achou um isótopo!
Bromo;Br;35;76;35;41;Uau, você achou um isótopo!
Bromo;Br;35;77;35;42;Uau, você achou um isótopo!
Bromo;Br;35;78;35;43;Uau, você achou um isótopo!
Bromo;Br;35;79;35;44;Uau, você achou um elemento!
Bromo;Br;35;80;35;45;Uau, você achou um isótopo!
Bromo;Br;35;81;35;46;Uau, você achou um isótopo!
Bromo;Br;35;82;35;47;Uau, você achou um isótopo!
Bromo;Br;35;83;35;48;Uau, você achou um isótopo!
Criptônio;Kr;36;37;36;1;Uau, você achou um isótopo!
Criptônio;Kr;36;38;36;2;Uau, você achou um isótopo!
Criptônio;Kr;36;39;36;3;Uau, você achou um isótopo!
Criptônio;Kr;36;40;36;4;Uau, você achou um isótopo!
Criptônio;Kr;36;41;36;5;Uau, você achou um isótopo!
Criptônio;Kr;36;42;36;6;Uau, você achou um isótopo!
Criptônio;Kr;36;43;36;7;Uau, você achou um isótopo!
Criptônio;Kr;36;44;36;8;Uau, você achou um isótopo!
Criptônio;Kr;36;45;36;9;Uau, você achou um isótopo!
Criptônio;Kr;36;46;36;10;Uau, você achou um isótopo!
Criptônio;Kr;36;47;36;11;Uau, você achou um isótopo!
Criptônio;Kr;36;48;36;12;Uau, você achou um isótopo!
Criptônio;Kr;36;49;36;13;Uau, você achou um isótopo!
Criptônio;Kr;36;50;36;14;Uau, você achou um isótopo!
Criptônio;Kr;36;51;36;15;Uau, você achou um isótopo!
Criptônio;Kr;36;52;36;16;Uau, você achou um isótopo!
Criptônio;Kr;36;53;36;17;Uau, você achou um isótopo!
Criptônio;Kr;36;54;36;18;Uau, você achou um isótopo!
Criptônio;Kr;36;55;36;19;Uau, você achou um isótopo!
Criptônio;Kr;36;56;36;20;Uau, você achou um isótopo!
Criptônio;Kr;36;57;36;21;Uau, você achou um isótopo!
Criptônio;Kr;36;58;36;22;Uau, você achou um isótopo!
Criptônio;Kr;36;59;36;23;Uau, você achou um isótopo!
Criptônio;Kr;36;60;36;24;Uau, você achou um isótopo!
Criptônio;Kr;36;61;36;25;Uau, você achou um isótopo!
Criptônio;Kr;36;62;36;26;Uau, você achou um isótopo!
Criptônio;Kr;36;63;36;27;Uau, você achou um isótopo!
Criptônio;Kr;36;64;36;28;Uau, você achou um isótopo!
Criptônio;Kr;36;65;36;29;Uau, você achou um isótopo!
Criptônio;Kr;36;66;36;30;Uau, você achou um isótopo!
Criptônio;Kr;36;67;36;31;Uau, você achou um isótopo!
Criptônio;Kr;36;68;36;32;Uau, você achou um isótopo!
Criptônio;Kr;36;69;36;33;Uau, você achou um isótopo!
Criptônio;Kr;36;70;36;34;Uau, você achou um isótopo!
Criptônio;Kr;36;71;36;35;Uau, você achou um isótopo!
Criptônio;Kr;36;72;36;36;Uau, você achou um isótopo!
Criptônio;Kr;36;73;36;37;Uau, você achou um isótopo!
Criptônio;Kr;36;74;36;38;Uau, você achou um isótopo!
Criptônio;Kr;36;75;36;39;Uau, você achou um isótopo!
Criptônio;Kr;36;76;36;40;Uau, você achou um isótopo!
Criptônio;Kr;36;77;36;41;Uau, você achou um isótopo!
Criptônio;Kr;36;78;36;42;Uau, você achou um isótopo!
Criptônio;Kr;36;79;36;43;Uau, você achou um isótopo!
Criptônio;Kr;36;80;36;44;Uau, você achou um isótopo!
Criptônio;Kr;36;81;36;45;Uau, você achou um isótopo!
Criptônio;Kr;36;82;36;46;Uau, você achou um isótopo!
Criptônio;Kr;36;83;36;47;Uau, você achou um isótopo!
Criptônio;Kr;36;84;36;48;Uau, você achou um elemento!                                                                                                                                                                                                                                                                                                                                                                                                                                                                                                                                                                                                                                                                                                                                                                                                                                                                                                                                                                                                                                                                                                                                                                                                                                                                                